date,bank,tipo,buy,sell
2022-09-08,Scotiabank,Dólar (USD) Sucursales,52.1,54.7
2022-09-08,Scotiabank,Dólar (USD) Canales Digitales*,52.5,54.25
2022-09-08,Banreservas,,52.5,54.3
2022-09-08,Banco Popular,,52.5,54.6
2022-09-08,BHD,,52.5,54.349999999999994
2022-09-08,Santa Cruz,,52.8,54.3
2022-09-08,Banco Caribe,,52.5,54.25
2022-09-08,BDI,,52.949999999999996,54.15
2022-09-08,Vimenca,,52.75,54.25
2022-09-08,BLH,,52.6,54.3
2022-09-08,Promerica,,52.65,54.3
2022-09-08,Banesco,,52.5,54.15
2022-09-08,Lafise,,52.5,54.3
2022-09-08,Ademi,,52.6,54.2
2022-09-09,Scotiabank,Dólar (USD) Sucursales,52.25,54.85
2022-09-09,Scotiabank,Dólar (USD) Canales Digitales*,52.65,54.4
2022-09-09,Banreservas,,52.7,54.5
2022-09-09,Banco Popular,,52.6,54.55
2022-09-09,BHD,,52.5,54.4
2022-09-09,Santa Cruz,,52.8,54.3
2022-09-09,Banco Caribe,,52.5,54.25
2022-09-09,BDI,,53,54.15
2022-09-09,Vimenca,,52.8,54.25
2022-09-09,BLH,,52.65,54.4
2022-09-09,Promerica,,52.65,54.3
2022-09-09,Banesco,,52.5,54.15
2022-09-09,Lafise,,52.5,54.3
2022-09-09,Ademi,,52.6,54.2
2022-09-14,Scotiabank,Dólar (USD) Sucursales,52.25,54.65
2022-09-14,Scotiabank,Dólar (USD) Canales Digitales*,52.65,54.4
2022-09-14,Banreservas,,52.7,54.5
2022-09-14,Banco Popular,,52.6,54.55
2022-09-14,BHD,,52.6,54.5
2022-09-14,Santa Cruz,,52.8,54.3
2022-09-14,Banco Caribe,,52.8,54.3
2022-09-14,BDI,,53,54.15
2022-09-14,Vimenca,,52.8,54.4
2022-09-14,BLH,,52.7,54.4
2022-09-14,Promerica,,52.65,54.3
2022-09-14,Banesco,,52.5,54.15
2022-09-14,Lafise,,52.7,54.5
2022-09-14,Ademi,,52.65,54.25
2022-09-27,Scotiabank,Dólar (USD) Sucursales,52.05,54.45
2022-09-27,Scotiabank,Dólar (USD) Canales Digitales*,52.45,54.2
2022-09-27,Banreservas,,52.5,54.3
2022-09-27,Banco Popular,,52.6,54.55
2022-09-27,BHD,,52.6,54.5
2022-09-27,Santa Cruz,,52.8,54.3
2022-09-27,Banco Caribe,,52.8,54.3
2022-09-27,BDI,,53,54
2022-09-27,Vimenca,,52.8,54.4
2022-09-27,BLH,,52.7,54.3
2022-09-27,Promerica,,52.65,54.3
2022-09-27,Banesco,,52.5,54.15
2022-09-27,Lafise,,52.7,54.4
2022-09-27,Ademi,,52.65,54.25
2022-10-25,Scotiabank,Dólar (USD) Sucursales,52.5,54.7
2022-10-25,Scotiabank,Dólar (USD) Canales Digitales*,52.7,54.6
2022-10-25,Banreservas,,53,54.5
2022-10-25,Banco Popular,,52.6,54.6
2022-10-25,BHD,,52.7,54.6
2022-10-25,Santa Cruz,,53.3,54.5
2022-10-25,Banco Caribe,,53.3,54.5
2022-10-25,BDI,,53.4,54.5
2022-10-25,Vimenca,,53.4,54.55
2022-10-25,BLH,,53,54.5
2022-10-25,Promerica,,53.1,54.6
2022-10-25,Banesco,,52.7,54.35
2022-10-25,Lafise,,52.8,54.5
2022-10-25,Ademi,,53.4,54.6
2022-12-21,Scotiabank,Dólar (USD) Sucursales,54.1,55.95
2022-12-21,Scotiabank,Dólar (USD) Canales Digitales*,54.3,55.95
2022-12-21,Banreservas,,54.849999999999994,55.849999999999994
2022-12-21,Banco Popular,,54.05,55.95
2022-12-21,BHD,,54.15,55.949999999999996
2022-12-21,Santa Cruz,,54.97,55.97
2022-12-21,Banco Caribe,,54.949999999999996,55.949999999999996
2022-12-21,BDI,,55.1,56
2022-12-21,Vimenca,,55,55.97
2022-12-21,BLH,,,
2022-12-21,Promerica,,54.7,55.95
2022-12-21,Banesco,,54.9,55.9
2022-12-21,Lafise,,54.449999999999996,55.949999999999996
2022-12-21,Ademi,,54.949999999999996,56
2023-07-14,Scotiabank,Dólar (USD) Sucursales,54.2,56.2
2023-07-14,Scotiabank,Dólar (USD) Canales Digitales*,54.2,56.2
2023-07-14,Banreservas,,0,56.1
2023-07-14,Banco Popular,,54.15,56.2
2023-07-14,Banco Caribe,,55.05,56.2
2023-07-14,BDI,,55.3,56.2
2023-07-14,Vimenca,,55.1,56.2
2023-07-14,Promerica,,54.95,56.2
2023-07-14,Lafise,,54.8,56.2
2023-07-14,Ademi,,55.3,56.25
2023-07-15,Scotiabank,Dólar (USD) Sucursales,54.2,56.2
2023-07-15,Scotiabank,Dólar (USD) Canales Digitales*,54.2,56.2
2023-07-15,Banreservas,,54.8,56.1
2023-07-15,Banco Popular,,54.15,56.2
2023-07-15,Santa Cruz,,54.9,56.2
2023-07-15,Banco Caribe,,55.05,56.2
2023-07-15,BDI,,55.3,56.2
2023-07-15,Vimenca,,55.1,56.2
2023-07-15,BLH,,54.8,56.2
2023-07-15,Promerica,,54.95,56.2
2023-07-15,Lafise,,54.8,56.2
2023-07-15,Ademi,,55.3,56.25
2023-08-05,Scotiabank,Dólar (USD) Sucursales,54.7,56.7
2023-08-05,Scotiabank,Dólar (USD) Canales Digitales*,54.7,56.7
2023-08-05,Banreservas,,55.2,56.6
2023-08-05,Banco Popular,,54.65,56.7
2023-08-05,Santa Cruz,,55.5,56.7
2023-08-05,Banco Caribe,,55.6,56.6
2023-08-05,BDI,,55.7,56.7
2023-08-05,Vimenca,,55.6,56.7
2023-08-05,BLH,,,
2023-08-05,Promerica,,55.45,56.7
2023-08-05,Lafise,,55.3,56.7
2023-08-05,Ademi,,55.7,56.7
2024-09-23,Scotiabank,Dólar (USD) Sucursales,58.25,60.3
2024-09-23,Scotiabank,Dólar (USD) Canales Digitales*,58.4,60.25
2024-09-23,Banreservas,,58.65,60.15
2024-09-23,Banco Popular,,58.45,60.25
2024-09-23,Santa Cruz,,59.25,60.25
2024-09-23,Banco Caribe,,59.2,60.2
2024-09-23,BDI,,,
2024-09-23,Vimenca,,59.2,60.25
2024-09-23,BLH,,,
2024-09-23,Promerica,,58.85,60.25
2024-09-23,Lafise,,58.75,60.25
2024-09-23,Ademi,,59.349999999999994,60.25
2025-03-01,Scotiabank,Dólar (USD) Sucursales,60.6,62.55
2025-03-01,Scotiabank,Dólar (USD) Canales Digitales*,60.75,62.5
2025-03-01,Banreservas,,60.8,62.3
2025-03-01,Banco Popular,,60.9,62.65
2025-03-01,BHD,,60.75,62.5
2025-03-01,Santa Cruz,,61.5,62.5
2025-03-01,Banco Caribe,,61.5,62.5
2025-03-01,BDI,,61.6,62.4
2025-03-01,Vimenca,,61.5,62.5
2025-03-01,BLH,,61.5,62.65
2025-03-01,Promerica,,61.4,62.65
2025-03-01,Banesco,,60.55,62.5
2025-03-01,Lafise,,61,62.5
2025-03-01,Ademi,,61.65,62.5
2025-03-02,Scotiabank,Dólar (USD) Sucursales,60.6,62.55
2025-03-02,Scotiabank,Dólar (USD) Canales Digitales*,60.75,62.5
2025-03-02,Banreservas,,60.8,62.3
2025-03-02,Banco Popular,,60.9,62.65
2025-03-02,BHD,,60.75,62.5
2025-03-02,Santa Cruz,,61.5,62.5
2025-03-02,Banco Caribe,,61.5,62.5
2025-03-02,BDI,,61.6,62.4
2025-03-02,Vimenca,,61.5,62.5
2025-03-02,BLH,,61.5,62.65
2025-03-02,Promerica,,61.4,62.65
2025-03-02,Lafise,,61,62.5
2025-03-02,Ademi,,61.65,62.5
2025-03-03,Scotiabank,Dólar (USD) Sucursales,60.6,62.55
2025-03-03,Scotiabank,Dólar (USD) Canales Digitales*,60.75,62.5
2025-03-03,Banreservas,,60.8,62.3
2025-03-03,Banco Popular,,60.9,62.65
2025-03-03,BHD,,60.75,62.5
2025-03-03,Santa Cruz,,61.5,62.5
2025-03-03,Banco Caribe,,61.5,62.5
2025-03-03,BDI,,61.6,62.4
2025-03-03,Vimenca,,61.5,62.5
2025-03-03,BLH,,61.5,62.65
2025-03-03,Promerica,,61.4,62.65
2025-03-03,Banesco,,60.55,62.5
2025-03-03,Lafise,,61,62.5
2025-03-03,Ademi,,61.65,62.5
2025-03-04,Scotiabank,Dólar (USD) Sucursales,60.75,62.7
2025-03-04,Scotiabank,Dólar (USD) Canales Digitales*,60.9,62.65
2025-03-04,Banreservas,,60.949999999999996,62.449999999999996
2025-03-04,Banco Popular,,60.95,62.7
2025-03-04,BHD,,60.949999999999996,62.7
2025-03-04,Santa Cruz,,61.7,62.7
2025-03-04,Banco Caribe,,61.65,62.65
2025-03-04,BDI,,61.7,62.65
2025-03-04,Vimenca,,61.7,62.7
2025-03-04,BLH,,61.5,62.7
2025-03-04,Promerica,,61.4,62.65
2025-03-04,Banesco,,60.65,62.7
2025-03-04,Lafise,,61.15,62.65
2025-03-04,Ademi,,61.75,62.65
2025-03-05,Scotiabank,Dólar (USD) Sucursales,60.8,62.75
2025-03-05,Scotiabank,Dólar (USD) Canales Digitales*,60.95,62.7
2025-03-05,Banreservas,,61.15,62.65
2025-03-05,Banco Popular,,60.95,62.7
2025-03-05,BHD,,60.949999999999996,62.7
2025-03-05,Santa Cruz,,61.7,62.7
2025-03-05,Banco Caribe,,61.7,62.7
2025-03-05,BDI,,61.8,62.7
2025-03-05,Vimenca,,61.7,62.7
2025-03-05,BLH,,61.6,62.75
2025-03-05,Promerica,,61.449999999999996,62.7
2025-03-05,Banesco,,60.65,62.7
2025-03-05,Lafise,,61.2,62.7
2025-03-05,Ademi,,61.8,62.7
2025-03-06,Scotiabank,Dólar (USD) Sucursales,60.9,62.85
2025-03-06,Scotiabank,Dólar (USD) Canales Digitales*,61.05,62.8
2025-03-06,Banreservas,,61.25,62.75
2025-03-06,Banco Popular,,61.05,62.8
2025-03-06,BHD,,61.05,62.8
2025-03-06,Santa Cruz,,61.8,62.8
2025-03-06,Banco Caribe,,61.8,62.8
2025-03-06,BDI,,62,62.8
2025-03-06,Vimenca,,61.8,62.8
2025-03-06,BLH,,61.7,62.85
2025-03-06,Promerica,,61.5,62.8
2025-03-06,Banesco,,60.7,62.8
2025-03-06,Lafise,,0,0
2025-03-06,Ademi,,61.9,62.8
2025-03-07,Scotiabank,Dólar (USD) Sucursales,60.9,62.85
2025-03-07,Scotiabank,Dólar (USD) Canales Digitales*,61.05,62.8
2025-03-07,Banreservas,,61.25,62.75
2025-03-07,Banco Popular,,61.05,62.8
2025-03-07,BHD,,61.05,62.8
2025-03-07,Santa Cruz,,61.8,62.8
2025-03-07,Banco Caribe,,61.8,62.8
2025-03-07,BDI,,62,62.849999999999994
2025-03-07,Vimenca,,61.8,62.8
2025-03-07,BLH,,61.7,62.85
2025-03-07,Promerica,,61.5,62.8
2025-03-07,Banesco,,60.7,62.8
2025-03-07,Lafise,,61.3,62.8
2025-03-07,Ademi,,61.9,62.8
2025-03-08,Scotiabank,Dólar (USD) Sucursales,60.9,62.85
2025-03-08,Scotiabank,Dólar (USD) Canales Digitales*,61.05,62.8
2025-03-08,Banreservas,,61.25,62.75
2025-03-08,Banco Popular,,61.1,62.85
2025-03-08,BHD,,61.1,62.849999999999994
2025-03-08,Santa Cruz,,61.9,62.9
2025-03-08,Banco Caribe,,61.8,62.8
2025-03-08,BDI,,62,62.849999999999994
2025-03-08,Vimenca,,61.8,62.8
2025-03-08,BLH,,61.7,62.85
2025-03-08,Promerica,,61.5,62.9
2025-03-08,Banesco,,60.75,62.849999999999994
2025-03-08,Lafise,,61.35,62.85
2025-03-08,Ademi,,61.9,62.8
2025-03-09,Scotiabank,Dólar (USD) Sucursales,60.9,62.85
2025-03-09,Scotiabank,Dólar (USD) Canales Digitales*,61.05,62.8
2025-03-09,Banreservas,,61.25,62.75
2025-03-09,Banco Popular,,61.1,62.85
2025-03-09,BHD,,61.1,62.849999999999994
2025-03-09,Santa Cruz,,61.9,62.9
2025-03-09,Banco Caribe,,61.8,62.8
2025-03-09,BDI,,62,62.849999999999994
2025-03-09,Vimenca,,61.8,62.8
2025-03-09,BLH,,61.7,62.85
2025-03-09,Promerica,,61.5,62.9
2025-03-09,Banesco,,60.75,62.849999999999994
2025-03-09,Lafise,,61.35,62.85
2025-03-09,Ademi,,61.9,62.8
2025-03-10,Scotiabank,Dólar (USD) Sucursales,60.95,62.9
2025-03-10,Scotiabank,Dólar (USD) Canales Digitales*,61.1,62.85
2025-03-10,Banreservas,,61.3,62.8
2025-03-10,Banco Popular,,61.1,62.85
2025-03-10,BHD,,61.1,62.849999999999994
2025-03-10,Santa Cruz,,61.9,62.9
2025-03-10,Banco Caribe,,61.849999999999994,62.849999999999994
2025-03-10,BDI,,62,62.9
2025-03-10,Vimenca,,61.849999999999994,62.849999999999994
2025-03-10,BLH,,61.7,62.9
2025-03-10,Promerica,,61.5,62.9
2025-03-10,Banesco,,60.75,62.849999999999994
2025-03-10,Lafise,,61.35,62.85
2025-03-10,Ademi,,61.9,62.849999999999994
2025-03-11,Scotiabank,Dólar (USD) Sucursales,61,62.95
2025-03-11,Scotiabank,Dólar (USD) Canales Digitales*,61.15,62.9
2025-03-11,Banreservas,,61.349999999999994,62.849999999999994
2025-03-11,Banco Popular,,61.15,62.9
2025-03-11,BHD,,61.15,62.9
2025-03-11,Santa Cruz,,61.9,62.9
2025-03-11,Banco Caribe,,61.9,62.9
2025-03-11,BDI,,62.1,62.9
2025-03-11,Vimenca,,61.9,62.9
2025-03-11,BLH,,61.7,62.9
2025-03-11,Promerica,,61.5,62.9
2025-03-11,Banesco,,60.8,62.9
2025-03-11,Lafise,,61.4,62.9
2025-03-11,Ademi,,62,62.9
2025-03-12,Scotiabank,Dólar (USD) Sucursales,61,62.95
2025-03-12,Scotiabank,Dólar (USD) Canales Digitales*,61.15,62.9
2025-03-12,Banreservas,,61.4,62.9
2025-03-12,Banco Popular,,61.2,62.95
2025-03-12,BHD,,61.2,62.949999999999996
2025-03-12,Santa Cruz,,62,63
2025-03-12,Banco Caribe,,61.949999999999996,62.949999999999996
2025-03-12,BDI,,62.1,62.949999999999996
2025-03-12,Vimenca,,61.949999999999996,62.949999999999996
2025-03-12,BLH,,61.75,62.95
2025-03-12,Promerica,,61.55,62.949999999999996
2025-03-12,Banesco,,61,62.949999999999996
2025-03-12,Lafise,,61.45,62.95
2025-03-12,Ademi,,62.05,62.949999999999996
2025-03-13,Scotiabank,Dólar (USD) Sucursales,61.1,63.05
2025-03-13,Scotiabank,Dólar (USD) Canales Digitales*,61.25,63
2025-03-13,Banreservas,,61.449999999999996,62.949999999999996
2025-03-13,Banco Popular,,61.25,63
2025-03-13,BHD,,61.25,63
2025-03-13,Santa Cruz,,62,63
2025-03-13,Banco Caribe,,62,63
2025-03-13,BDI,,62.2,63
2025-03-13,Vimenca,,62,63
2025-03-13,BLH,,62,63.05
2025-03-13,Promerica,,61.6,63
2025-03-13,Banesco,,61.1,63
2025-03-13,Lafise,,61.5,63
2025-03-13,Ademi,,62.15,63
2025-03-13,Quezada,,62.5,63.2
2025-03-14,Scotiabank,Dólar (USD) Sucursales,61.1,63.05
2025-03-14,Scotiabank,Dólar (USD) Canales Digitales*,61.25,63
2025-03-14,Banreservas,,61.449999999999996,62.949999999999996
2025-03-14,Banco Popular,,61.3,63.15
2025-03-14,BHD,,61.349999999999994,63.1
2025-03-14,Santa Cruz,,62.1,63.1
2025-03-14,Banco Caribe,,62.1,63.1
2025-03-14,BDI,,62.25,63.1
2025-03-14,Vimenca,,0,0
2025-03-14,BLH,,62,63.15
2025-03-14,Promerica,,61.65,63.1
2025-03-14,Banesco,,61.15,63.1
2025-03-14,Lafise,,61.65,63.15
2025-03-14,Ademi,,62.1,63.1
2025-03-14,Quezada,,62.5,63.3
2025-03-15,Scotiabank,Dólar (USD) Sucursales,61.2,63.15
2025-03-15,Scotiabank,Dólar (USD) Canales Digitales*,61.35,63.1
2025-03-15,Banreservas,,61.5,63
2025-03-15,Banco Popular,,61.3,63.2
2025-03-15,BHD,,61.4,63.15
2025-03-15,Santa Cruz,,62.2,63.2
2025-03-15,Banco Caribe,,62.1,63.1
2025-03-15,BDI,,62.25,63.1
2025-03-15,Vimenca,,62.2,63.2
2025-03-15,BLH,,62,63.15
2025-03-15,Promerica,,61.7,63.15
2025-03-15,Banesco,,61.2,63.15
2025-03-15,Lafise,,61.65,63.15
2025-03-15,Ademi,,62.1,63.15
2025-03-15,Quezada,,62.5,63.3
2025-03-16,Scotiabank,Dólar (USD) Sucursales,61.2,63.15
2025-03-16,Scotiabank,Dólar (USD) Canales Digitales*,61.35,63.1
2025-03-16,Banreservas,,61.5,63
2025-03-16,Banco Popular,,61.3,63.2
2025-03-16,BHD,,61.4,63.15
2025-03-16,Santa Cruz,,62.2,63.2
2025-03-16,Banco Caribe,,62.1,63.1
2025-03-16,BDI,,62.25,63.1
2025-03-16,Vimenca,,62.2,63.2
2025-03-16,BLH,,62,63.15
2025-03-16,Promerica,,61.7,63.15
2025-03-16,Banesco,,61.2,63.15
2025-03-16,Lafise,,61.65,63.15
2025-03-16,Ademi,,62.1,63.15
2025-03-16,Quezada,,62.5,63.3
2025-03-17,Scotiabank,Dólar (USD) Sucursales,61.3,63.25
2025-03-17,Scotiabank,Dólar (USD) Canales Digitales*,61.45,63.2
2025-03-17,Banreservas,,61.65,63.15
2025-03-17,Banco Popular,,61.3,63.25
2025-03-17,BHD,,61.449999999999996,63.25
2025-03-17,Santa Cruz,,62.2,63.2
2025-03-17,Banco Caribe,,62.2,63.2
2025-03-17,BDI,,62.3,63.2
2025-03-17,Vimenca,,62.25,63.25
2025-03-17,BLH,,62,63.25
2025-03-17,Promerica,,61.8,63.25
2025-03-17,Banesco,,61.3,63.25
2025-03-17,Lafise,,62.7,63.2
2025-03-17,Ademi,,62.1,63.15
2025-03-17,Quezada,,62.6,63.3
2025-03-18,Scotiabank,Dólar (USD) Sucursales,61.35,63.3
2025-03-18,Scotiabank,Dólar (USD) Canales Digitales*,61.5,63.25
2025-03-18,Banreservas,,61.7,63.2
2025-03-18,Banco Popular,,61.3,63.25
2025-03-18,BHD,,61.449999999999996,63.25
2025-03-18,Santa Cruz,,62.25,63.25
2025-03-18,Banco Caribe,,62.25,63.25
2025-03-18,BDI,,62.3,63.25
2025-03-18,Vimenca,,62.25,63.25
2025-03-18,BLH,,62.1,63.25
2025-03-18,Promerica,,61.8,63.25
2025-03-18,Banesco,,61.3,63.25
2025-03-18,Lafise,,61.75,63.25
2025-03-18,Ademi,,62.2,63.25
2025-03-18,Quezada,,62.6,63.3
2025-03-19,Scotiabank,Dólar (USD) Sucursales,61.35,63.3
2025-03-19,Scotiabank,Dólar (USD) Canales Digitales*,61.5,63.25
2025-03-19,Banreservas,,61.7,63.2
2025-03-19,Banco Popular,,61.3,63.25
2025-03-19,BHD,,61.449999999999996,63.25
2025-03-19,Santa Cruz,,62.3,63.3
2025-03-19,Banco Caribe,,62.25,63.25
2025-03-19,BDI,,62.349999999999994,63.3
2025-03-19,Vimenca,,62.25,63.25
2025-03-19,BLH,,62.2,63.3
2025-03-19,Promerica,,61.8,63.25
2025-03-19,Banesco,,61.3,63.25
2025-03-19,Lafise,,61.75,63.25
2025-03-19,Ademi,,62.2,63.25
2025-03-19,Quezada,,62.6,63.349999999999994
2025-03-20,Scotiabank,Dólar (USD) Sucursales,61.4,63.35
2025-03-20,Scotiabank,Dólar (USD) Canales Digitales*,61.55,63.3
2025-03-20,Banreservas,,61.7,63.2
2025-03-20,Banco Popular,,61.35,63.3
2025-03-20,BHD,,61.5,63.3
2025-03-20,Santa Cruz,,62.3,63.3
2025-03-20,Banco Caribe,,62.25,63.25
2025-03-20,BDI,,62.349999999999994,63.3
2025-03-20,Vimenca,,0,0
2025-03-20,BLH,,62.2,63.3
2025-03-20,Promerica,,61.849999999999994,63.3
2025-03-20,Banesco,,61.4,63.3
2025-03-20,Lafise,,61.8,63.3
2025-03-20,Ademi,,62.2,63.25
2025-03-20,Quezada,,62.75,63.449999999999996
2025-03-21,Scotiabank,Dólar (USD) Sucursales,61.4,63.35
2025-03-21,Scotiabank,Dólar (USD) Canales Digitales*,61.55,63.3
2025-03-21,Banreservas,,61.75,63.25
2025-03-21,Banco Popular,,61.35,63.3
2025-03-21,BLH,,62.2,63.3
2025-03-21,Ademi,,62.3,63.349999999999994
2025-03-21,Quezada,,62.75,63.449999999999996
2025-03-22,Scotiabank,Dólar (USD) Sucursales,61.4,63.35
2025-03-22,Scotiabank,Dólar (USD) Canales Digitales*,61.55,63.3
2025-03-22,Banreservas,,61.75,63.25
2025-03-22,Banco Popular,,61.4,63.35
2025-03-22,BHD,,61.55,63.349999999999994
2025-03-22,Banco Caribe,,62.3,63.3
2025-03-22,BDI,,62.349999999999994,63.3
2025-03-22,Vimenca,,62.3,63.349999999999994
2025-03-22,BLH,,62.2,63.3
2025-03-22,Promerica,,61.849999999999994,63.3
2025-03-22,Banesco,,61.4,63.3
2025-03-22,Lafise,,61.8,63.3
2025-03-22,Ademi,,62.3,63.349999999999994
2025-03-22,Quezada,,62.75,63.449999999999996
2025-03-23,Scotiabank,Dólar (USD) Sucursales,61.4,63.35
2025-03-23,Scotiabank,Dólar (USD) Canales Digitales*,61.55,63.3
2025-03-23,Banreservas,,61.75,63.25
2025-03-23,Banco Popular,,61.4,63.35
2025-03-23,BHD,,61.55,63.349999999999994
2025-03-23,Santa Cruz,,62.349999999999994,63.349999999999994
2025-03-23,Banco Caribe,,62.3,63.3
2025-03-23,BDI,,62.349999999999994,63.3
2025-03-23,Vimenca,,62.3,63.349999999999994
2025-03-23,BLH,,62.2,63.3
2025-03-23,Promerica,,61.849999999999994,63.3
2025-03-23,Banesco,,61.4,63.3
2025-03-23,Lafise,,61.8,63.3
2025-03-23,Ademi,,62.3,63.349999999999994
2025-03-23,Quezada,,62.75,63.449999999999996
2025-03-24,Scotiabank,Dólar (USD) Sucursales,61.45,63.4
2025-03-24,Scotiabank,Dólar (USD) Canales Digitales*,61.6,63.35
2025-03-24,Banreservas,,61.849999999999994,63.349999999999994
2025-03-24,Banco Popular,,61.45,63.4
2025-03-24,BHD,,61.6,63.4
2025-03-24,Santa Cruz,,62.4,63.4
2025-03-24,Banco Caribe,,62.3,63.3
2025-03-24,BDI,,62.4,63.349999999999994
2025-03-24,Vimenca,,62.4,63.4
2025-03-24,BLH,,62.2,63.3
2025-03-24,Promerica,,61.9,63.349999999999994
2025-03-24,Banesco,,61.5,63.4
2025-03-24,Lafise,,61.85,63.35
2025-03-24,Ademi,,62.3,63.349999999999994
2025-03-24,Quezada,,62.8,63.449999999999996
2025-03-25,Scotiabank,Dólar (USD) Sucursales,61.5,63.45
2025-03-25,Scotiabank,Dólar (USD) Canales Digitales*,61.65,63.4
2025-03-25,Banreservas,,61.849999999999994,63.349999999999994
2025-03-25,Banco Popular,,61.45,63.4
2025-03-25,BHD,,61.6,63.4
2025-03-25,Santa Cruz,,62.449999999999996,63.449999999999996
2025-03-25,Banco Caribe,,62.4,63.4
2025-03-25,BDI,,62.5,63.4
2025-03-25,Vimenca,,62.4,63.4
2025-03-25,BLH,,62.3,63.45
2025-03-25,Promerica,,61.949999999999996,63.4
2025-03-25,Banesco,,61.5,63.4
2025-03-25,Lafise,,61.9,63.4
2025-03-25,Ademi,,62.3,63.4
2025-03-25,Quezada,,62.8,63.5
2025-03-26,Scotiabank,Dólar (USD) Sucursales,61.5,63.45
2025-03-26,Scotiabank,Dólar (USD) Canales Digitales*,61.65,63.4
2025-03-26,Banreservas,,61.849999999999994,63.349999999999994
2025-03-26,Banco Popular,,61.5,63.45
2025-03-26,BHD,,61.65,63.449999999999996
2025-03-26,Santa Cruz,,62.5,63.5
2025-03-26,Banco Caribe,,62.449999999999996,63.449999999999996
2025-03-26,BDI,,62.5,63.449999999999996
2025-03-26,Vimenca,,62.4,63.449999999999996
2025-03-26,BLH,,62.3,63.45
2025-03-26,Promerica,,62,63.449999999999996
2025-03-26,Banesco,,61.6,63.449999999999996
2025-03-26,Lafise,,62.95,63.45
2025-03-26,Ademi,,62.4,63.449999999999996
2025-03-26,Quezada,,62.849999999999994,63.6
2025-03-27,Scotiabank,Dólar (USD) Sucursales,61.55,63.5
2025-03-27,Scotiabank,Dólar (USD) Canales Digitales*,61.7,63.45
2025-03-27,Banreservas,,61.849999999999994,63.349999999999994
2025-03-27,Banco Popular,,61.5,63.45
2025-03-27,BHD,,61.65,63.449999999999996
2025-03-27,Santa Cruz,,62.5,63.5
2025-03-27,Banco Caribe,,62.449999999999996,63.449999999999996
2025-03-27,BDI,,62.6,63.5
2025-03-27,Vimenca,,62.4,63.449999999999996
2025-03-27,BLH,,62.3,63.5
2025-03-27,Promerica,,62,63.449999999999996
2025-03-27,Banesco,,61.6,63.449999999999996
2025-03-27,Lafise,,61.95,63.45
2025-03-27,Ademi,,62.4,63.449999999999996
2025-03-27,Quezada,,63,63.6
2025-03-28,Scotiabank,Dólar (USD) Sucursales,61.55,63.5
2025-03-28,Scotiabank,Dólar (USD) Canales Digitales*,61.7,63.45
2025-03-28,Banreservas,,61.849999999999994,63.349999999999994
2025-03-28,Banco Popular,,61.5,63.45
2025-03-28,BHD,,61.65,63.449999999999996
2025-03-28,Santa Cruz,,62.5,63.5
2025-03-28,Banco Caribe,,62.449999999999996,63.449999999999996
2025-03-28,BDI,,62.4,63.5
2025-03-28,Vimenca,,62.4,63.449999999999996
2025-03-28,BLH,,62.3,63.5
2025-03-28,Promerica,,62,63.449999999999996
2025-03-28,Banesco,,61.6,63.449999999999996
2025-03-28,Lafise,,61.95,63.45
2025-03-28,Ademi,,62.4,63.449999999999996
2025-03-28,Quezada,,62.9,63.6
2025-03-29,Scotiabank,Dólar (USD) Sucursales,61.55,63.5
2025-03-29,Scotiabank,Dólar (USD) Canales Digitales*,61.7,63.45
2025-03-29,Banreservas,,61.849999999999994,63.349999999999994
2025-03-29,Banco Popular,,61.5,63.45
2025-03-29,BHD,,61.65,63.449999999999996
2025-03-29,Santa Cruz,,62.5,63.5
2025-03-29,Banco Caribe,,62.449999999999996,63.449999999999996
2025-03-29,BDI,,62.4,63.5
2025-03-29,Vimenca,,62.4,63.449999999999996
2025-03-29,BLH,,62.3,63.5
2025-03-29,Promerica,,62,63.449999999999996
2025-03-29,Banesco,,61.6,63.449999999999996
2025-03-29,Lafise,,61.95,63.45
2025-03-29,Ademi,,62.4,63.449999999999996
2025-03-29,Quezada,,62.9,63.6
2025-03-30,Scotiabank,Dólar (USD) Sucursales,61.55,63.5
2025-03-30,Scotiabank,Dólar (USD) Canales Digitales*,61.7,63.45
2025-03-30,Banreservas,,61.849999999999994,63.349999999999994
2025-03-30,Banco Popular,,61.5,63.45
2025-03-30,BHD,,61.65,63.449999999999996
2025-03-30,Santa Cruz,,62.5,63.5
2025-03-30,Banco Caribe,,62.449999999999996,63.449999999999996
2025-03-30,BDI,,62.4,63.5
2025-03-30,Vimenca,,62.4,63.449999999999996
2025-03-30,BLH,,62.3,63.5
2025-03-30,Ademi,,62.4,63.449999999999996
2025-03-30,Quezada,,62.9,63.6
2025-03-31,Scotiabank,Dólar (USD) Sucursales,61.55,63.5
2025-03-31,Scotiabank,Dólar (USD) Canales Digitales*,61.7,63.45
2025-03-31,BLH,,62.3,63.5
2025-03-31,Ademi,,62.4,63.449999999999996
2025-03-31,Quezada,,62.8,63.5
2025-04-01,Scotiabank,Dólar (USD) Sucursales,61.55,63.5
2025-04-01,Scotiabank,Dólar (USD) Canales Digitales*,61.7,63.45
2025-04-01,Banreservas,,61.8,63.3
2025-04-01,Banco Popular,,61.5,63.45
2025-04-01,BHD,,61.65,63.449999999999996
2025-04-01,Santa Cruz,,62.449999999999996,63.449999999999996
2025-04-01,Banco Caribe,,62.449999999999996,63.449999999999996
2025-04-01,BDI,,62.3,63.449999999999996
2025-04-01,Vimenca,,61.949999999999996,63.449999999999996
2025-04-01,BLH,,62,63.5
2025-04-01,Promerica,,62,63.449999999999996
2025-04-01,Banesco,,61.6,63.449999999999996
2025-04-01,Lafise,,61.95,63.45
2025-04-01,Ademi,,62,63.449999999999996
2025-04-01,Quezada,,62.75,63.4
2025-04-02,Scotiabank,Dólar (USD) Sucursales,61.55,63.5
2025-04-02,Scotiabank,Dólar (USD) Canales Digitales*,61.6,63.4
2025-04-02,Banreservas,,61.8,63.3
2025-04-02,Banco Popular,,61.5,63.45
2025-04-02,BHD,,61.65,63.449999999999996
2025-04-02,Santa Cruz,,62,63.449999999999996
2025-04-02,Banco Caribe,,61.7,63.449999999999996
2025-04-02,BDI,,62.2,63.4
2025-04-02,Vimenca,,61.65,63.449999999999996
2025-04-02,BLH,,61.6,63.45
2025-04-02,Promerica,,61.7,63.449999999999996
2025-04-02,Banesco,,61.6,63.449999999999996
2025-04-02,Lafise,,61.95,63.45
2025-04-02,Ademi,,62,63.449999999999996
2025-04-02,Quezada,,62.3,63.3
2025-04-03,Scotiabank,Dólar (USD) Sucursales,61.55,63.5
2025-04-03,Scotiabank,Dólar (USD) Canales Digitales*,61.6,63.4
2025-04-03,Banreservas,,61.6,63.1
2025-04-03,Banco Popular,,61.4,63.45
2025-04-03,BHD,,61.65,63.449999999999996
2025-04-03,Santa Cruz,,61.7,63.449999999999996
2025-04-03,Banco Caribe,,61.7,63.449999999999996
2025-04-03,BDI,,62.1,63.3
2025-04-03,Vimenca,,61.65,63.449999999999996
2025-04-03,BLH,,61.5,63.4
2025-04-03,Promerica,,61.7,63.449999999999996
2025-04-03,Banesco,,61.6,63.449999999999996
2025-04-03,Lafise,,61.6,63.3
2025-04-03,Ademi,,61.7,63.449999999999996
2025-04-03,Quezada,,62,63.1
2025-04-04,Scotiabank,Dólar (USD) Sucursales,61.3,63.3
2025-04-04,Scotiabank,Dólar (USD) Canales Digitales*,61.4,63.1
2025-04-04,Banreservas,,61.449999999999996,62.949999999999996
2025-04-04,BLH,,61.2,63.2
2025-04-04,Ademi,,61.7,63.3
2025-04-04,Quezada,,61.75,62.75
2025-04-05,Scotiabank,Dólar (USD) Sucursales,61.3,63.3
2025-04-05,Scotiabank,Dólar (USD) Canales Digitales*,61.4,63.1
2025-04-05,Banreservas,,61.449999999999996,62.949999999999996
2025-04-05,Banco Popular,,61.2,63.2
2025-04-05,BHD,,61.4,63.2
2025-04-05,Santa Cruz,,61.7,63.2
2025-04-05,Banco Caribe,,61.7,63.2
2025-04-05,BDI,,61.2,63
2025-04-05,Vimenca,,61.2,63.2
2025-04-05,BLH,,61.2,63.2
2025-04-05,Promerica,,61.5,63.3
2025-04-05,Banesco,,61.2,63.3
2025-04-05,Lafise,,61.5,63.2
2025-04-05,Ademi,,61.7,63.3
2025-04-05,Quezada,,61.75,62.75
2025-04-06,Scotiabank,Dólar (USD) Sucursales,61.3,63.3
2025-04-06,Scotiabank,Dólar (USD) Canales Digitales*,61.4,63.1
2025-04-06,Banreservas,,61.449999999999996,62.949999999999996
2025-04-06,Banco Popular,,61.2,63.2
2025-04-06,BHD,,61.4,63.2
2025-04-06,Santa Cruz,,61.7,63.2
2025-04-06,Banco Caribe,,61.7,63.2
2025-04-06,BDI,,61.2,63
2025-04-06,Vimenca,,61.2,63.2
2025-04-06,BLH,,61.2,63.2
2025-04-06,Promerica,,61.5,63.3
2025-04-06,Banesco,,61.2,63.3
2025-04-06,Lafise,,61.5,63.2
2025-04-06,Ademi,,61.7,63.3
2025-04-06,Quezada,,61.75,62.75
2025-04-07,Scotiabank,Dólar (USD) Sucursales,61.3,63.3
2025-04-07,Scotiabank,Dólar (USD) Canales Digitales*,61.4,63.1
2025-04-07,Banco Popular,,61,63
2025-04-07,BHD,,61.1,63
2025-04-07,Santa Cruz,,61.5,63
2025-04-07,Banco Caribe,,61.2,63
2025-04-07,BDI,,61.2,62.9
2025-04-07,Vimenca,,61,63
2025-04-07,BLH,,61,63
2025-04-07,Promerica,,61.3,63.1
2025-04-07,Banesco,,61,63.1
2025-04-07,Lafise,,61.1,63
2025-04-07,Ademi,,61.5,63.2
2025-04-07,Quezada,,61.5,62.5
2025-04-08,Scotiabank,Dólar (USD) Sucursales,61,63.05
2025-04-08,Scotiabank,Dólar (USD) Canales Digitales*,61.1,62.8
2025-04-08,Banreservas,,61.349999999999994,62.849999999999994
2025-04-08,Banco Popular,,60.85,62.9
2025-04-08,BHD,,61,62.9
2025-04-08,Santa Cruz,,61.2,63
2025-04-08,Banco Caribe,,61.2,63
2025-04-08,BDI,,61.15,62.849999999999994
2025-04-08,Vimenca,,61,63
2025-04-08,BLH,,60.8,62.8
2025-04-08,Promerica,,61,63
2025-04-08,Ademi,,61.5,63.2
2025-04-08,Quezada,,61,61.949999999999996
2025-04-09,Scotiabank,Dólar (USD) Sucursales,60.7,63.05
2025-04-09,Scotiabank,Dólar (USD) Canales Digitales*,60.9,62.8
2025-04-09,Banreservas,,61,62.5
2025-04-09,Banco Popular,,60.7,62.75
2025-04-09,BHD,,60.75,62.75
2025-04-09,Santa Cruz,,60.75,62.75
2025-04-09,Banco Caribe,,60.9,62.9
2025-04-09,BDI,,60.75,62.7
2025-04-09,Vimenca,,60.75,62.75
2025-04-09,BLH,,60.8,62.8
2025-04-09,Promerica,,60.9,62.9
2025-04-09,Ademi,,61.1,62.9
2025-04-09,Quezada,,60.8,61.9
2025-04-10,Scotiabank,Dólar (USD) Sucursales,60.45,62.85
2025-04-10,Scotiabank,Dólar (USD) Canales Digitales*,60.6,62.45
2025-04-10,Banreservas,,60.349999999999994,61.949999999999996
2025-04-10,Banco Popular,,60.45,62.5
2025-04-10,BHD,,60.25,62.25
2025-04-10,Santa Cruz,,60.25,62.25
2025-04-10,Banco Caribe,,60.75,62.75
2025-04-10,BDI,,60.55,62.5
2025-04-10,Vimenca,,60.3,62.5
2025-04-10,BLH,,60.5,62.5
2025-04-10,Promerica,,60.7,62.7
2025-04-10,Banesco,,60.349999999999994,62.5
2025-04-10,Lafise,,60.5,62.5
2025-04-10,Ademi,,60.449999999999996,62.4
2025-04-10,Quezada,,60.7,61.7
2025-04-11,Scotiabank,Dólar (USD) Sucursales,59.9,62.25
2025-04-11,Scotiabank,Dólar (USD) Canales Digitales*,60.05,62
2025-04-11,Banreservas,,60.349999999999994,61.949999999999996
2025-04-11,Banco Popular,,59.95,61.99
2025-04-11,BHD,,60,62
2025-04-11,Santa Cruz,,60,62
2025-04-11,Banco Caribe,,60.25,62.25
2025-04-11,BDI,,60,62
2025-04-11,Vimenca,,60,62
2025-04-11,BLH,,59.8,62
2025-04-11,Promerica,,60.25,62.25
2025-04-11,Banesco,,60,62
2025-04-11,Ademi,,59.949999999999996,61.9
2025-04-11,Quezada,,60,61.3
2025-04-12,Scotiabank,Dólar (USD) Sucursales,59.9,62.25
2025-04-12,Scotiabank,Dólar (USD) Canales Digitales*,60.05,62
2025-04-12,Banreservas,,60.349999999999994,61.949999999999996
2025-04-12,Banco Popular,,59.95,61.99
2025-04-12,BHD,,60,62
2025-04-12,Santa Cruz,,60,62
2025-04-12,Banco Caribe,,60.25,62.25
2025-04-12,BDI,,60,62
2025-04-12,Vimenca,,60,62
2025-04-12,BLH,,59.8,62
2025-04-12,Ademi,,59.949999999999996,61.9
2025-04-12,Quezada,,60,61.3
2025-04-13,Scotiabank,Dólar (USD) Sucursales,59.9,62.25
2025-04-13,Scotiabank,Dólar (USD) Canales Digitales*,60.05,62
2025-04-13,Banreservas,,60.349999999999994,61.949999999999996
2025-04-13,Banco Popular,,59.95,61.99
2025-04-13,BHD,,60,62
2025-04-13,Santa Cruz,,60,62
2025-04-13,Banco Caribe,,60.25,62.25
2025-04-13,BDI,,60,62
2025-04-13,Vimenca,,60,62
2025-04-13,BLH,,59.8,62
2025-04-13,Promerica,,60.25,62.25
2025-04-13,Banesco,,60,62
2025-04-13,Lafise,,60.25,62.25
2025-04-13,Ademi,,59.949999999999996,61.9
2025-04-13,Quezada,,60,61.3
2025-04-14,Scotiabank,Dólar (USD) Sucursales,59.3,62.15
2025-04-14,Scotiabank,Dólar (USD) Canales Digitales*,59.6,61.8
2025-04-14,Banreservas,,59.849999999999994,61.7
2025-04-14,Banco Popular,,59.3,61.8
2025-04-14,BHD,,59.5,61.8
2025-04-14,Santa Cruz,,59.5,61.75
2025-04-14,Banco Caribe,,59.7,62
2025-04-14,BDI,,59.6,61.75
2025-04-14,Vimenca,,59.6,61.849999999999994
2025-04-14,BLH,,59.5,61.8
2025-04-14,Promerica,,59.7,61.849999999999994
2025-04-14,Ademi,,59.5,61.8
2025-04-14,Quezada,,59.5,60.75
2025-04-15,Scotiabank,Dólar (USD) Sucursales,59,61.8
2025-04-15,Scotiabank,Dólar (USD) Canales Digitales*,59.3,61.5
2025-04-15,Banreservas,,,
2025-04-15,Banco Popular,,59.3,61.5
2025-04-15,BHD,,59.349999999999994,61.5
2025-04-15,Santa Cruz,,59,61.5
2025-04-15,Banco Caribe,,59,61.75
2025-04-15,BDI,,59,61
2025-04-15,Vimenca,,59,61.5
2025-04-15,BLH,,59,61.3
2025-04-15,Promerica,,59.25,61.75
2025-04-15,Banesco,,59.15,61.5
2025-04-15,Lafise,,59.25,61.5
2025-04-15,Ademi,,59.3,61.5
2025-04-15,Quezada,,59,60.5
2025-04-16,Scotiabank,Dólar (USD) Sucursales,58.8,61.55
2025-04-16,Scotiabank,Dólar (USD) Canales Digitales*,59.1,61.25
2025-04-16,Banreservas,,59.15,61
2025-04-16,Banco Popular,,58.85,61.25
2025-04-16,BHD,,59.1,61.25
2025-04-16,Santa Cruz,,59,61.25
2025-04-16,Banco Caribe,,59,61
2025-04-16,BDI,,59,60.5
2025-04-16,Vimenca,,58.849999999999994,61.25
2025-04-16,BLH,,58.5,60.9
2025-04-16,Promerica,,59,61.25
2025-04-16,Banesco,,59,61.3
2025-04-16,Lafise,,59,61.25
2025-04-16,Ademi,,59,61.2
2025-04-16,Quezada,,59,60.5
2025-04-17,Scotiabank,Dólar (USD) Sucursales,58.55,61.55
2025-04-17,Scotiabank,Dólar (USD) Canales Digitales*,58.85,61.25
2025-04-17,Banreservas,,59.15,61
2025-04-17,Banco Popular,,58.85,61.25
2025-04-17,BHD,,59.1,61.25
2025-04-17,Santa Cruz,,59,61.25
2025-04-17,Banco Caribe,,59,61
2025-04-17,BDI,,58.75,60.75
2025-04-17,Vimenca,,58.849999999999994,61.25
2025-04-17,BLH,,58.5,60.9
2025-04-17,Promerica,,59,61.25
2025-04-17,Banesco,,59,61.3
2025-04-17,Lafise,,59,61.25
2025-04-17,Ademi,,59,61.2
2025-04-17,Quezada,,59,60.5
2025-04-18,Scotiabank,Dólar (USD) Sucursales,58.55,61.55
2025-04-18,Scotiabank,Dólar (USD) Canales Digitales*,58.85,61.25
2025-04-18,Banreservas,,59.15,61
2025-04-18,Banco Popular,,58.85,61.25
2025-04-18,BHD,,59.1,61.25
2025-04-18,Santa Cruz,,59,61.25
2025-04-18,Banco Caribe,,59,61
2025-04-18,BDI,,58.75,60.75
2025-04-18,Vimenca,,58.849999999999994,61.25
2025-04-18,BLH,,58.5,60.9
2025-04-18,Promerica,,59,61.25
2025-04-18,Banesco,,59,61.3
2025-04-18,Lafise,,59,61.25
2025-04-18,Ademi,,59,61.2
2025-04-18,Quezada,,59,60.5
2025-04-19,Scotiabank,Dólar (USD) Sucursales,58.55,61.55
2025-04-19,Scotiabank,Dólar (USD) Canales Digitales*,58.85,61.25
2025-04-19,Banreservas,,59.15,61
2025-04-19,Banco Popular,,58.85,61.25
2025-04-19,BHD,,59.1,61.25
2025-04-19,Santa Cruz,,59,61.25
2025-04-19,Banco Caribe,,59,61
2025-04-19,BDI,,58.75,60.75
2025-04-19,Vimenca,,58.849999999999994,61.25
2025-04-19,BLH,,58.5,60.9
2025-04-19,Promerica,,59,61.25
2025-04-19,Banesco,,59,61.3
2025-04-19,Lafise,,59,61.25
2025-04-19,Ademi,,59,61.2
2025-04-19,Quezada,,59,60.5
2025-04-20,Scotiabank,Dólar (USD) Sucursales,58.55,61.55
2025-04-20,Scotiabank,Dólar (USD) Canales Digitales*,58.85,61.25
2025-04-20,Banreservas,,59.15,61
2025-04-20,Banco Popular,,58.85,61.25
2025-04-20,BHD,,59.1,61.25
2025-04-20,Santa Cruz,,59,61.25
2025-04-20,Banco Caribe,,59,61
2025-04-20,BDI,,58.75,60.75
2025-04-20,Vimenca,,58.849999999999994,61.25
2025-04-20,BLH,,58.5,60.9
2025-04-20,Promerica,,59,61.25
2025-04-20,Ademi,,59,61.2
2025-04-20,Quezada,,59,60.5
2025-04-21,Scotiabank,Dólar (USD) Sucursales,58.55,61.55
2025-04-21,Scotiabank,Dólar (USD) Canales Digitales*,58.85,61.25
2025-04-21,BLH,,58.5,60.9
2025-04-21,Ademi,,58.55,61
2025-04-21,Quezada,,59,60.25
2025-04-22,Scotiabank,Dólar (USD) Sucursales,58.4,61.25
2025-04-22,Scotiabank,Dólar (USD) Canales Digitales*,58.7,61
2025-04-22,Banreservas,,58.9,60.75
2025-04-22,BLH,,58.5,60.9
2025-04-22,Ademi,,58.55,61
2025-04-22,Quezada,,58.75,59.949999999999996
2025-04-23,Scotiabank,Dólar (USD) Sucursales,58.2,60.95
2025-04-23,Scotiabank,Dólar (USD) Canales Digitales*,58.5,60.75
2025-04-23,Banreservas,,58.65,60.5
2025-04-23,Banco Popular,,58.45,60.85
2025-04-23,BHD,,58.55,60.75
2025-04-23,Santa Cruz,,58.25,60.849999999999994
2025-04-23,Banco Caribe,,58.75,60.75
2025-04-23,BDI,,58.4,60.5
2025-04-23,Vimenca,,58.3,60.75
2025-04-23,BLH,,58.1,60.5
2025-04-23,Promerica,,58.5,60.75
2025-04-23,Banesco,,58.5,60.75
2025-04-23,Lafise,,58.5,60.85
2025-04-23,Ademi,,58.8,60.7
2025-04-23,Quezada,,58.5,59.75
2025-04-24,Scotiabank,Dólar (USD) Sucursales,57.9,60.65
2025-04-24,Scotiabank,Dólar (USD) Canales Digitales*,58.3,60.55
2025-04-24,Banreservas,,58.4,60.25
2025-04-24,Banco Popular,,58.45,60.85
2025-04-24,BHD,,58.4,60.6
2025-04-24,Santa Cruz,,58.25,60.849999999999994
2025-04-24,Banco Caribe,,58.5,60.75
2025-04-24,BDI,,58.4,60.5
2025-04-24,Vimenca,,0,0
2025-04-24,BLH,,58.1,60.5
2025-04-24,Promerica,,58.5,60.75
2025-04-24,Ademi,,58.8,60.7
2025-04-24,Quezada,,58.5,59.75
2025-04-25,Scotiabank,Dólar (USD) Sucursales,57.9,60.85
2025-04-25,Scotiabank,Dólar (USD) Canales Digitales*,58.1,60.6
2025-04-25,Banreservas,,58.4,60.25
2025-04-25,Banco Popular,,58.1,60.6
2025-04-25,BHD,,58.4,60.6
2025-04-25,Santa Cruz,,58.25,60.75
2025-04-25,Banco Caribe,,58.4,60.25
2025-04-25,BDI,,58.2,60.2
2025-04-25,Vimenca,,58.3,60.3
2025-04-25,BLH,,58.1,60.5
2025-04-25,Promerica,,58.5,60.75
2025-04-25,Banesco,,58.4,60.5
2025-04-25,Lafise,,58.25,60.6
2025-04-25,Ademi,,58.4,60.5
2025-04-25,Quezada,,58.4,59.5
2025-04-26,Scotiabank,Dólar (USD) Sucursales,57.9,60.85
2025-04-26,Scotiabank,Dólar (USD) Canales Digitales*,58.1,60.6
2025-04-26,Banreservas,,58.4,60.25
2025-04-26,Banco Popular,,58.1,60.6
2025-04-26,BHD,,58.4,60.6
2025-04-26,Santa Cruz,,58.25,60.75
2025-04-26,Banco Caribe,,58.4,60.25
2025-04-26,BDI,,58.2,60.2
2025-04-26,Vimenca,,58.3,60.3
2025-04-26,BLH,,58.1,60.5
2025-04-26,Promerica,,58.5,60.75
2025-04-26,Banesco,,58.4,60.5
2025-04-26,Lafise,,58.25,60.6
2025-04-26,Ademi,,58.4,60.5
2025-04-26,Quezada,,58.4,59.5
2025-04-27,Scotiabank,Dólar (USD) Sucursales,57.9,60.85
2025-04-27,Scotiabank,Dólar (USD) Canales Digitales*,58.1,60.6
2025-04-27,Banreservas,,58.4,60.25
2025-04-27,Banco Popular,,58.1,60.6
2025-04-27,BHD,,58.4,60.6
2025-04-27,Santa Cruz,,58.25,60.75
2025-04-27,Banco Caribe,,58.4,60.25
2025-04-27,BDI,,58.2,60.2
2025-04-27,Vimenca,,58.3,60.3
2025-04-27,BLH,,58.1,60.5
2025-04-27,Promerica,,58.5,60.75
2025-04-27,Ademi,,58.4,60.5
2025-04-27,Quezada,,58.4,59.5
2025-04-28,Scotiabank,Dólar (USD) Sucursales,57.9,60.85
2025-04-28,Scotiabank,Dólar (USD) Canales Digitales*,58.1,60.6
2025-04-28,Banreservas,,58.4,60.25
2025-04-28,Banco Popular,,58.1,60.6
2025-04-28,BHD,,58.4,60.6
2025-04-28,Santa Cruz,,58.25,60.5
2025-04-28,Banco Caribe,,58.4,60.25
2025-04-28,BDI,,58.2,60.2
2025-04-28,Vimenca,,58.3,60.3
2025-04-28,BLH,,58.1,60.5
2025-04-28,Promerica,,58.5,60.75
2025-04-28,Banesco,,58.4,60.5
2025-04-28,Lafise,,58.25,60.6
2025-04-28,Ademi,,58.4,60.5
2025-04-28,Quezada,,58.4,59.5
2025-04-29,Scotiabank,Dólar (USD) Sucursales,57.9,60.85
2025-04-29,Scotiabank,Dólar (USD) Canales Digitales*,58.1,60.6
2025-04-29,Banreservas,,58.4,60.25
2025-04-29,Banco Popular,,58.1,60.6
2025-04-29,BHD,,58.25,60.5
2025-04-29,Santa Cruz,,58.25,60.5
2025-04-29,Banco Caribe,,58.4,60.25
2025-04-29,BDI,,58.3,60.2
2025-04-29,Vimenca,,58.4,60.6
2025-04-29,BLH,,58.1,60.3
2025-04-29,Promerica,,58.5,60.75
2025-04-29,Ademi,,58.4,60.5
2025-04-29,Quezada,,58.4,59.3
2025-04-30,Scotiabank,Dólar (USD) Sucursales,57.9,60.85
2025-04-30,Scotiabank,Dólar (USD) Canales Digitales*,58.1,60.6
2025-04-30,Banreservas,,58.4,60.25
2025-04-30,Banco Popular,,58.1,60.6
2025-04-30,BHD,,58.25,60.5
2025-04-30,Santa Cruz,,58.25,60.5
2025-04-30,Banco Caribe,,58.4,60.25
2025-04-30,BDI,,58.2,60.2
2025-04-30,Vimenca,,58.4,60.5
2025-04-30,BLH,,58.1,60.3
2025-04-30,Promerica,,58.5,60.75
2025-04-30,Banesco,,58.4,60.5
2025-04-30,Lafise,,58.25,60.6
2025-04-30,Ademi,,58.4,60.5
2025-04-30,Quezada,,58.4,59.3
2025-05-01,Scotiabank,Dólar (USD) Sucursales,57.9,60.85
2025-05-01,Scotiabank,Dólar (USD) Canales Digitales*,58.1,60.6
2025-05-01,Banreservas,,58.4,60.25
2025-05-01,Banco Popular,,58.1,60.6
2025-05-01,BHD,,58.1,60.25
2025-05-01,Santa Cruz,,58.25,60.5
2025-05-01,Banco Caribe,,58.4,60.25
2025-05-01,BDI,,58.2,60.2
2025-05-01,Vimenca,,58.4,60.5
2025-05-01,BLH,,58.1,60.3
2025-05-01,Promerica,,58.5,60.75
2025-05-01,Banesco,,58.4,60.5
2025-05-01,Lafise,,58.25,60.6
2025-05-01,Ademi,,58.4,60.5
2025-05-01,Quezada,,58.4,59.3
2025-05-02,Scotiabank,Dólar (USD) Sucursales,57.9,60.85
2025-05-02,Scotiabank,Dólar (USD) Canales Digitales*,58.1,60.6
2025-05-02,Banreservas,,58.4,60.25
2025-05-02,Banco Popular,,58.1,60.6
2025-05-02,BHD,,58.1,60.25
2025-05-02,Santa Cruz,,58.25,60.5
2025-05-02,Banco Caribe,,58.4,60.25
2025-05-02,BDI,,58.3,60.2
2025-05-02,Vimenca,,58.3,60.3
2025-05-02,BLH,,58.1,60.3
2025-05-02,Promerica,,58.5,60.75
2025-05-02,Banesco,,58.4,60.5
2025-05-02,Lafise,,58.25,60.6
2025-05-02,Ademi,,58.4,60.5
2025-05-02,Quezada,,58.4,59.2
2025-05-03,Scotiabank,Dólar (USD) Sucursales,57.9,60.85
2025-05-03,Scotiabank,Dólar (USD) Canales Digitales*,58.1,60.6
2025-05-03,Banreservas,,58.4,60.25
2025-05-03,Banco Popular,,58.1,60.6
2025-05-03,BHD,,58.1,60.25
2025-05-03,Santa Cruz,,58.25,60.5
2025-05-03,Banco Caribe,,58.4,60.25
2025-05-03,BDI,,58.3,60.2
2025-05-03,Vimenca,,0,0
2025-05-03,BLH,,58.1,60.3
2025-05-03,Promerica,,58.5,60.75
2025-05-03,Banesco,,58.4,60.5
2025-05-03,Lafise,,58.25,60.6
2025-05-03,Ademi,,58.4,60.5
2025-05-03,Quezada,,58.4,59.2
2025-05-04,Scotiabank,Dólar (USD) Sucursales,57.9,60.85
2025-05-04,Scotiabank,Dólar (USD) Canales Digitales*,58.1,60.6
2025-05-04,Banreservas,,58.4,60.25
2025-05-04,Banco Popular,,58.1,60.6
2025-05-04,BHD,,58.1,60.25
2025-05-04,Santa Cruz,,58.25,60.5
2025-05-04,Banco Caribe,,58.4,60.25
2025-05-04,BDI,,58.3,60.2
2025-05-04,Vimenca,,58.3,60.3
2025-05-04,BLH,,58.1,60.3
2025-05-04,Promerica,,58.5,60.75
2025-05-04,Banesco,,58.4,60.5
2025-05-04,Lafise,,58.25,60.6
2025-05-04,Ademi,,58.4,60.5
2025-05-04,Quezada,,58.4,59.2
2025-05-05,Scotiabank,Dólar (USD) Sucursales,57.9,60.85
2025-05-05,Scotiabank,Dólar (USD) Canales Digitales*,58.1,60.6
2025-05-05,Banreservas,,58.4,60.25
2025-05-05,Banco Popular,,58.1,60.6
2025-05-05,BHD,,58.1,60.25
2025-05-05,Santa Cruz,,58.25,60.5
2025-05-05,Banco Caribe,,58.4,60.25
2025-05-05,BDI,,58.3,60.2
2025-05-05,Vimenca,,58.3,60.3
2025-05-05,BLH,,58.1,60.3
2025-05-05,Promerica,,58.5,60.75
2025-05-05,Banesco,,58.4,60.5
2025-05-05,Lafise,,58.25,60.6
2025-05-05,Ademi,,58.4,60.5
2025-05-05,Quezada,,58.4,59.2
2025-05-06,Scotiabank,Dólar (USD) Sucursales,57.9,60.85
2025-05-06,Scotiabank,Dólar (USD) Canales Digitales*,58.1,60.6
2025-05-06,Banreservas,,58.4,60.25
2025-05-06,Banco Popular,,58.1,60.6
2025-05-06,BHD,,58.1,60.25
2025-05-06,Santa Cruz,,58.25,60.25
2025-05-06,Banco Caribe,,58.4,60.25
2025-05-06,BDI,,58.3,60.2
2025-05-06,Vimenca,,58.3,60.3
2025-05-06,BLH,,58.1,60.3
2025-05-06,Promerica,,58.5,60.75
2025-05-06,Banesco,,58.4,60.5
2025-05-06,Ademi,,58.4,60.5
2025-05-06,Quezada,,58.4,59.2
2025-05-07,Scotiabank,Dólar (US) Sucursales,57.9,60.85
2025-05-07,Scotiabank,Dólar (US) Canales Digitales*,58.1,60.6
2025-05-07,Banreservas,,58.4,60.25
2025-05-07,Banco Popular,,58.1,60.6
2025-05-07,BHD,,58.1,60.25
2025-05-07,Santa Cruz,,58.25,60.25
2025-05-07,Banco Caribe,,58.4,60.25
2025-05-07,BDI,,58.3,60.2
2025-05-07,Vimenca,,58.3,60.3
2025-05-07,BLH,,58.1,60.3
2025-05-07,Promerica,,58.25,60.5
2025-05-07,Banesco,,58.4,60.5
2025-05-07,Lafise,,58.25,60.6
2025-05-07,Ademi,,58.4,60.5
2025-05-07,Quezada,,58.4,59.2
2025-05-08,Scotiabank,Dólar (US) Sucursales,57.9,60.85
2025-05-08,Scotiabank,Dólar (US) Canales Digitales*,58.1,60.6
2025-05-08,Banreservas,,58.4,60.25
2025-05-08,Banco Popular,,58.1,60.6
2025-05-08,BHD,,58.1,60.25
2025-05-08,Santa Cruz,,58.25,60.25
2025-05-08,Banco Caribe,,58.4,60.25
2025-05-08,BDI,,58.3,60.2
2025-05-08,Vimenca,,58.3,60.3
2025-05-08,BLH,,58.1,60.3
2025-05-08,Promerica,,58.25,60.5
2025-05-08,Banesco,,58.4,60.5
2025-05-08,Lafise,,58.25,60.6
2025-05-08,Ademi,,58.4,60.5
2025-05-08,Quezada,,58.4,59.2
2025-05-09,Scotiabank,Dólar (US) Sucursales,57.9,60.85
2025-05-09,Scotiabank,Dólar (US) Canales Digitales*,58.1,60.6
2025-05-09,Banreservas,,58.4,60.25
2025-05-09,Banco Popular,,58.1,60.6
2025-05-09,BHD,,58.1,60.25
2025-05-09,Santa Cruz,,58.25,60.25
2025-05-09,Banco Caribe,,58.25,59.9
2025-05-09,BDI,,58.3,60.2
2025-05-09,Vimenca,,58.25,60
2025-05-09,BLH,,58.1,60.1
2025-05-09,Promerica,,58.25,60.5
2025-05-09,Banesco,,58.4,60.5
2025-05-09,Lafise,,58.25,60.6
2025-05-09,Ademi,,58.4,60.5
2025-05-09,Quezada,,58.4,59.1
2025-05-10,Scotiabank,Dólar (US) Sucursales,57.9,60.85
2025-05-10,Scotiabank,Dólar (US) Canales Digitales*,58.1,60.6
2025-05-10,Banreservas,,58.4,60.25
2025-05-10,Banco Popular,,58.1,60.6
2025-05-10,BHD,,58.1,60.25
2025-05-10,Santa Cruz,,58.25,60.25
2025-05-10,Banco Caribe,,58.25,59.9
2025-05-10,BDI,,58.3,60
2025-05-10,Vimenca,,58.25,60
2025-05-10,BLH,,58.1,60.1
2025-05-10,Promerica,,58.25,60.5
2025-05-10,Banesco,,58.4,60.5
2025-05-10,Lafise,,58.25,60.6
2025-05-10,Ademi,,58.4,60.5
2025-05-10,Quezada,,58.4,59.1
2025-05-11,Scotiabank,Dólar (US) Sucursales,57.9,60.85
2025-05-11,Scotiabank,Dólar (US) Canales Digitales*,58.1,60.6
2025-05-11,Banreservas,,58.4,60.25
2025-05-11,Banco Popular,,58.1,60.6
2025-05-11,BHD,,58.1,60.25
2025-05-11,Santa Cruz,,58.25,60.25
2025-05-11,Banco Caribe,,58.25,59.9
2025-05-11,BDI,,58.3,60
2025-05-11,Vimenca,,58.25,60
2025-05-11,BLH,,58.1,60.1
2025-05-11,Promerica,,58.25,60.5
2025-05-11,Banesco,,58.4,60.5
2025-05-11,Lafise,,58.25,60.6
2025-05-11,Ademi,,58.4,60.5
2025-05-11,Quezada,,58.4,59.1
2025-05-12,Scotiabank,Dólar (US) Sucursales,57.9,60.85
2025-05-12,Scotiabank,Dólar (US) Canales Digitales*,58.1,60.6
2025-05-12,Banreservas,,58.4,60.25
2025-05-12,Banco Popular,,58.1,60.6
2025-05-12,BHD,,58.1,60.25
2025-05-12,Santa Cruz,,58.25,60.25
2025-05-12,Banco Caribe,,58.25,59.9
2025-05-12,BDI,,58.3,60
2025-05-12,Vimenca,,58.25,60
2025-05-12,BLH,,58.1,60.1
2025-05-12,Promerica,,58.25,60.5
2025-05-12,Banesco,,58.4,60.5
2025-05-12,Lafise,,58.25,60.6
2025-05-12,Ademi,,58.3,60.25
2025-05-12,Quezada,,58.4,59.1
2025-05-13,Scotiabank,Dólar (US) Sucursales,57.9,60.85
2025-05-13,Scotiabank,Dólar (US) Canales Digitales*,58.1,60.6
2025-05-13,Banreservas,,58.4,60.25
2025-05-13,Banco Popular,,58.1,60.6
2025-05-13,BHD,,58,60.25
2025-05-13,Santa Cruz,,58.25,60.25
2025-05-13,Banco Caribe,,58.25,59.9
2025-05-13,BDI,,58.3,60
2025-05-13,Vimenca,,58.25,60
2025-05-13,BLH,,58.1,60.1
2025-05-13,Promerica,,58.25,60.5
2025-05-13,Banesco,,58.4,60.5
2025-05-13,Lafise,,58.25,60.6
2025-05-13,Ademi,,58.3,60.25
2025-05-13,Quezada,,58.4,59.1
2025-05-14,Scotiabank,Dólar (US) Sucursales,57.9,60.85
2025-05-14,Scotiabank,Dólar (US) Canales Digitales*,58.1,60.6
2025-05-14,Banreservas,,58.4,60.25
2025-05-14,Banco Popular,,58,60.5
2025-05-14,BHD,,58,60.25
2025-05-14,Santa Cruz,,58.25,60.25
2025-05-14,Banco Caribe,,58.25,59.9
2025-05-14,BDI,,58.3,59.9
2025-05-14,Vimenca,,58.15,60
2025-05-14,BLH,,58.1,60.1
2025-05-14,Promerica,,58.25,60.5
2025-05-14,Banesco,,58.4,60.5
2025-05-14,Lafise,,58.15,60.5
2025-05-14,Ademi,,58.3,60.25
2025-05-14,Quezada,,58.4,59.1
2025-05-15,Scotiabank,Dólar (US) Sucursales,57.9,60.85
2025-05-15,Scotiabank,Dólar (US) Canales Digitales*,58.1,60.6
2025-05-15,Banreservas,,58.4,60.25
2025-05-15,Banco Popular,,58,60.5
2025-05-15,BHD,,58,60.25
2025-05-15,Santa Cruz,,58.25,60.25
2025-05-15,Banco Caribe,,58.25,59.9
2025-05-15,BDI,,58.3,59.9
2025-05-15,Vimenca,,58.25,60.25
2025-05-15,BLH,,58.1,60.1
2025-05-15,Promerica,,58.25,60.5
2025-05-15,Banesco,,58.4,60.5
2025-05-15,Lafise,,58.15,60.5
2025-05-15,Ademi,,58.3,60.25
2025-05-15,Quezada,,58.5,59.2
2025-05-16,Scotiabank,Dólar (US) Sucursales,58,60.45
2025-05-16,Scotiabank,Dólar (US) Canales Digitales*,58.05,60.35
2025-05-16,Banreservas,,58.4,60.25
2025-05-16,Banco Popular,,58,60.5
2025-05-16,BHD,,58,60.25
2025-05-16,Santa Cruz,,58.25,60.25
2025-05-16,Banco Caribe,,58.25,59.9
2025-05-16,BDI,,58.4,59.9
2025-05-16,Vimenca,,58.25,60.25
2025-05-16,BLH,,58.1,60.1
2025-05-16,Promerica,,58.25,60.5
2025-05-16,Banesco,,58.4,60.5
2025-05-16,Lafise,,58.15,60.5
2025-05-16,Ademi,,58.3,60.25
2025-05-16,Quezada,,58.5,59.2
2025-05-17,Scotiabank,Dólar (US) Sucursales,58,60.45
2025-05-17,Scotiabank,Dólar (US) Canales Digitales*,58.05,60.35
2025-05-17,Banreservas,,58.4,60.25
2025-05-17,Banco Popular,,58,60.5
2025-05-17,BHD,,58,60.25
2025-05-17,Santa Cruz,,58.25,60.25
2025-05-17,Banco Caribe,,58.25,59.9
2025-05-17,BDI,,58.4,59.9
2025-05-17,Vimenca,,58.25,60.25
2025-05-17,BLH,,58.1,60.1
2025-05-17,Promerica,,58.25,60.5
2025-05-17,Banesco,,58.4,60.5
2025-05-17,Lafise,,58.15,60.5
2025-05-17,Ademi,,58.3,60.25
2025-05-17,Quezada,,58.5,59.2
2025-05-18,Scotiabank,Dólar (US) Sucursales,58,60.45
2025-05-18,Scotiabank,Dólar (US) Canales Digitales*,58.05,60.35
2025-05-18,Banreservas,,58.4,60.25
2025-05-18,Banco Popular,,58,60.5
2025-05-18,BHD,,58,60.25
2025-05-18,Santa Cruz,,58.25,60.25
2025-05-18,Banco Caribe,,58.25,59.9
2025-05-18,BDI,,58.4,59.9
2025-05-18,Vimenca,,58.25,60.25
2025-05-18,BLH,,58.1,60.1
2025-05-18,Promerica,,58.25,60.5
2025-05-18,Banesco,,58.4,60.5
2025-05-18,Lafise,,58.15,60.5
2025-05-18,Ademi,,58.3,60.25
2025-05-18,Quezada,,58.5,59.2
2025-05-19,Scotiabank,Dólar (US) Sucursales,58,60.45
2025-05-19,Scotiabank,Dólar (US) Canales Digitales*,58.05,60.35
2025-05-19,Banreservas,,58.4,60.25
2025-05-19,Banco Popular,,58,60.5
2025-05-19,BHD,,58,60.25
2025-05-19,Santa Cruz,,58.25,60.25
2025-05-19,Banco Caribe,,58.25,59.9
2025-05-19,BDI,,58.4,59.9
2025-05-19,Vimenca,,58.25,60.25
2025-05-19,BLH,,58.1,60.1
2025-05-19,Promerica,,58.25,60.5
2025-05-19,Banesco,,58.4,60.5
2025-05-19,Lafise,,58.15,60.5
2025-05-19,Ademi,,58.3,60.25
2025-05-19,Quezada,,58.6,59.3
2025-05-20,Scotiabank,Dólar (US) Sucursales,58,60.45
2025-05-20,Scotiabank,Dólar (US) Canales Digitales*,58.05,60.35
2025-05-20,Banreservas,,58.4,60.25
2025-05-20,Banco Popular,,58,60.5
2025-05-20,BHD,,58,60.25
2025-05-20,Santa Cruz,,58.5,60.25
2025-05-20,Banco Caribe,,58.25,59.9
2025-05-20,BDI,,58.5,60
2025-05-20,Vimenca,,58.5,60.25
2025-05-20,BLH,,58.1,60.1
2025-05-20,Promerica,,58.25,60.5
2025-05-20,Banesco,,58.4,60.5
2025-05-20,Lafise,,58.15,60.5
2025-05-20,Ademi,,58.3,60.25
2025-05-20,Quezada,,58.6,59.3
2025-05-21,Scotiabank,Dólar (US) Sucursales,58,60.45
2025-05-21,Scotiabank,Dólar (US) Canales Digitales*,58.05,60.35
2025-05-21,Banreservas,,58.4,60.25
2025-05-21,Banco Popular,,58,60.5
2025-05-21,BHD,,58,60.25
2025-05-21,Santa Cruz,,58.5,60.25
2025-05-21,Banco Caribe,,58.25,59.9
2025-05-21,BDI,,58.5,60
2025-05-21,Vimenca,,58.5,60.25
2025-05-21,BLH,,58.2,60.2
2025-05-21,Promerica,,58.25,60.5
2025-05-21,Banesco,,58.4,60.5
2025-05-21,Ademi,,58.5,60.25
2025-05-21,Quezada,,58.6,59.5
2025-05-22,Scotiabank,Dólar (US) Sucursales,58,60.45
2025-05-22,Scotiabank,Dólar (US) Canales Digitales*,58.05,60.35
2025-05-22,Banreservas,,58.4,60.25
2025-05-22,Banco Popular,,58,60.5
2025-05-22,BHD,,58,60.25
2025-05-22,Santa Cruz,,58.5,60.25
2025-05-22,Banco Caribe,,58.25,59.9
2025-05-22,BDI,,58.5,60
2025-05-22,Vimenca,,58.5,60.25
2025-05-22,BLH,,58.2,60.2
2025-05-22,Promerica,,58.25,60.5
2025-05-22,Banesco,,58.4,60.5
2025-05-22,Lafise,,58.15,60.5
2025-05-22,Ademi,,58.5,60.25
2025-05-22,Quezada,,58.8,59.5
2025-05-23,Scotiabank,Dólar (US) Sucursales,58,60.45
2025-05-23,Scotiabank,Dólar (US) Canales Digitales*,58.05,60.35
2025-05-23,Banreservas,,58.4,60.25
2025-05-23,BLH,,58.2,60.2
2025-05-23,Ademi,,58.5,60.25
2025-05-23,Quezada,,58.8,59.6
2025-05-24,Scotiabank,Dólar (US) Sucursales,58,60.5
2025-05-24,Scotiabank,Dólar (US) Canales Digitales*,58.05,60.4
2025-05-24,Banreservas,,58.4,60.25
2025-05-24,Banco Popular,,58,60.5
2025-05-24,BHD,,58,60.25
2025-05-24,Santa Cruz,,58.5,60.25
2025-05-24,Banco Caribe,,58.25,59.9
2025-05-24,BDI,,58.5,60
2025-05-24,Vimenca,,58.5,60.25
2025-05-24,BLH,,58.2,60.2
2025-05-24,Ademi,,58.5,60.25
2025-05-24,Quezada,,,
2025-05-25,Scotiabank,Dólar (US) Sucursales,58,60.5
2025-05-25,Scotiabank,Dólar (US) Canales Digitales*,58.05,60.4
2025-05-25,Banreservas,,58.4,60.25
2025-05-25,Banco Popular,,58,60.5
2025-05-25,BHD,,58,60.25
2025-05-25,Santa Cruz,,58.5,60.25
2025-05-25,Banco Caribe,,58.25,59.9
2025-05-25,BDI,,58.5,60
2025-05-25,Vimenca,,58.5,60.25
2025-05-25,BLH,,58.2,60.2
2025-05-25,Promerica,,58.25,60.5
2025-05-25,Banesco,,58.4,60.5
2025-05-25,Lafise,,58.15,60.5
2025-05-25,Ademi,,58.5,60.25
2025-05-25,Quezada,,,
2025-05-26,Scotiabank,Dólar (US) Sucursales,58,60.5
2025-05-26,Scotiabank,Dólar (US) Canales Digitales*,58.05,60.4
2025-05-26,Banreservas,,58.4,60.25
2025-05-26,BLH,,58.2,60.2
2025-05-26,Ademi,,58.5,60.25
2025-05-26,Quezada,,,
2025-05-27,Scotiabank,Dólar (US) Sucursales,58,60.5
2025-05-27,Scotiabank,Dólar (US) Canales Digitales*,58.05,60.4
2025-05-27,Banreservas,,58.4,60.25
2025-05-27,Banco Popular,,58,60.5
2025-05-27,BHD,,58,60.25
2025-05-27,Santa Cruz,,58.5,60.25
2025-05-27,Banco Caribe,,58.25,59.9
2025-05-27,BDI,,58.5,60
2025-05-27,Vimenca,,58.5,60.25
2025-05-27,BLH,,58.2,60.2
2025-05-27,Promerica,,58.25,60.5
2025-05-27,Banesco,,58.4,60.5
2025-05-27,Lafise,,58.15,60.5
2025-05-27,Ademi,,58.5,60.25
2025-05-27,Quezada,,58.9,59.5
2025-05-28,Scotiabank,Dólar (US) Sucursales,58,60.5
2025-05-28,Scotiabank,Dólar (US) Canales Digitales*,58.05,60.4
2025-05-28,Banreservas,,58.4,60.25
2025-05-28,Banco Popular,,57.85,60.5
2025-05-28,BHD,,58,60.25
2025-05-28,Santa Cruz,,58.5,60.25
2025-05-28,Banco Caribe,,58.25,59.9
2025-05-28,BDI,,58.5,60
2025-05-28,Vimenca,,58.5,60.25
2025-05-28,BLH,,58.2,60.2
2025-05-28,Promerica,,58.25,60.5
2025-05-28,Banesco,,58.4,60.5
2025-05-28,Ademi,,58.5,60.25
2025-05-28,Quezada,,58.9,59.5
2025-05-28,Lafise,,58.15,60.5
2025-05-29,Scotiabank,Dólar (US) Sucursales,58,60.5
2025-05-29,Scotiabank,Dólar (US) Canales Digitales*,58.05,60.4
2025-05-29,Banreservas,,58.4,60.25
2025-05-29,Banco Popular,,57.85,60.5
2025-05-29,BHD,,57.9,60.25
2025-05-29,Santa Cruz,,58.5,60.25
2025-05-29,Banco Caribe,,58.25,59.9
2025-05-29,BDI,,58.5,60
2025-05-29,Vimenca,,58.5,60.25
2025-05-29,BLH,,58.2,60.2
2025-05-29,Promerica,,58.25,60.5
2025-05-29,Banesco,,58.4,60.5
2025-05-29,Ademi,,58.5,60.25
2025-05-29,Quezada,,58.9,59.5
2025-05-29,Lafise,,58.15,60.5
2025-05-30,Scotiabank,Dólar (US) Sucursales,58,60.5
2025-05-30,Scotiabank,Dólar (US) Canales Digitales*,58.05,60.4
2025-05-30,Banreservas,,58.4,60.25
2025-05-30,Banco Popular,,57.8,60.5
2025-05-30,BHD,,57.9,60.25
2025-05-30,Santa Cruz,,58.5,60.25
2025-05-30,Banco Caribe,,58.25,59.9
2025-05-30,BDI,,58.5,60
2025-05-30,Vimenca,,58.5,60.25
2025-05-30,BLH,,58.2,60.2
2025-05-30,Promerica,,58.25,60.5
2025-05-30,Banesco,,58.4,60.5
2025-05-30,Ademi,,58.5,60.25
2025-05-30,Quezada,,58.9,59.5
2025-05-30,Lafise,,58.15,60.5
2025-05-31,Scotiabank,Dólar (US) Sucursales,58,60.5
2025-05-31,Scotiabank,Dólar (US) Canales Digitales*,58.05,60.4
2025-05-31,Banreservas,,58.4,60.25
2025-05-31,Banco Popular,,57.75,60.5
2025-05-31,BHD,,57.9,60.25
2025-05-31,Santa Cruz,,58.5,60.25
2025-05-31,Banco Caribe,,58.25,59.9
2025-05-31,BDI,,58.5,60
2025-05-31,Vimenca,,58.5,60.25
2025-05-31,BLH,,58.2,60.2
2025-05-31,Promerica,,58.25,60.5
2025-05-31,Banesco,,58.4,60.5
2025-05-31,Ademi,,58.5,60.25
2025-05-31,Quezada,,58.9,59.5
2025-05-31,Lafise,,58.15,60.5
2025-06-02,Scotiabank,Dólar (US) Sucursales,58,60.5
2025-06-02,Scotiabank,Dólar (US) Canales Digitales*,58.05,60.4
2025-06-02,Banreservas,,58.4,60.25
2025-06-02,Banco Popular,,57.75,60.5
2025-06-02,BHD,,57.8,60.25
2025-06-02,Banco Caribe,,58.25,59.9
2025-06-02,BDI,,58.5,60
2025-06-02,Vimenca,,58.5,60.25
2025-06-02,BLH,,58.2,60.2
2025-06-02,Banesco,,58.4,60.5
2025-06-02,Ademi,,58.5,60.25
2025-06-02,Quezada,,58.9,59.5
2025-06-02,Lafise,,58.15,60.5
2025-06-02,Promerica,,58.25,60.5
2025-06-02,Santa Cruz,,58.5,60.25
2025-06-03,Scotiabank,Dólar (US) Sucursales,57.8,60.5
2025-06-03,Scotiabank,Dólar (US) Canales Digitales*,57.9,60.4
2025-06-03,Banreservas,,58.4,60.25
2025-06-03,Banco Popular,,57.7,60.5
2025-06-03,BHD,,57.8,60.25
2025-06-03,Banco Caribe,,58.25,59.9
2025-06-03,BDI,,58.5,60
2025-06-03,Vimenca,,58.5,60.25
2025-06-03,BLH,,58.2,60.2
2025-06-03,Banesco,,58.4,60.5
2025-06-03,Ademi,,58.5,60.25
2025-06-03,Quezada,,58.9,59.5
2025-06-03,Lafise,,58.15,60.5
2025-06-03,Promerica,,58.25,60.5
2025-06-03,Santa Cruz,,58.5,60.25
2025-06-04,Scotiabank,Dólar (US) Sucursales,57.8,60.5
2025-06-04,Scotiabank,Dólar (US) Canales Digitales*,57.9,60.4
2025-06-04,Banreservas,,58.4,60.25
2025-06-04,Banco Popular,,57.65,60.5
2025-06-04,BHD,,57.8,60.25
2025-06-04,Banco Caribe,,58.25,59.9
2025-06-04,BDI,,58.5,60
2025-06-04,Vimenca,,58.5,60.25
2025-06-04,BLH,,58.2,60.2
2025-06-04,Banesco,,58.4,60.5
2025-06-04,Ademi,,58.5,60.25
2025-06-04,Quezada,,58.9,59.5
2025-06-04,Lafise,,58.15,60.5
2025-06-04,Promerica,,58.25,60.5
2025-06-04,Santa Cruz,,58.5,60.25
2025-06-05,Scotiabank,Dólar (US) Sucursales,57.8,60.5
2025-06-05,Scotiabank,Dólar (US) Canales Digitales*,57.9,60.4
2025-06-05,Banreservas,,58.4,60.25
2025-06-05,Banco Popular,,57.6,60.5
2025-06-05,BHD,,57.8,60.25
2025-06-05,Banco Caribe,,58.25,59.9
2025-06-05,BDI,,58.5,60
2025-06-05,Vimenca,,58.5,60.25
2025-06-05,BLH,,58.2,60.2
2025-06-05,Banesco,,58.4,60.5
2025-06-05,Ademi,,58.5,60.25
2025-06-05,Quezada,,58.9,59.5
2025-06-05,Lafise,,58.15,60.5
2025-06-05,Promerica,,58.25,60.5
2025-06-05,Santa Cruz,,58.5,60.25
2025-06-06,Scotiabank,Dólar (US) Sucursales,57.8,60.5
2025-06-06,Scotiabank,Dólar (US) Canales Digitales*,57.9,60.4
2025-06-06,Banreservas,,58.4,60.25
2025-06-06,Banco Popular,,57.55,60.5
2025-06-06,BHD,,57.7,60.25
2025-06-06,Banco Caribe,,58.25,59.9
2025-06-06,BDI,,58.5,60
2025-06-06,Vimenca,,58.5,60.25
2025-06-06,BLH,,58.2,60.2
2025-06-06,Banesco,,58.4,60.5
2025-06-06,Ademi,,58.5,60.25
2025-06-06,Quezada,,58.9,59.5
2025-06-06,Lafise,,58.15,60.5
2025-06-06,Promerica,,58.25,60.5
2025-06-06,Santa Cruz,,58.5,60.25
2025-06-07,Scotiabank,Dólar (US) Sucursales,57.8,60.5
2025-06-07,Scotiabank,Dólar (US) Canales Digitales*,57.9,60.4
2025-06-07,Banreservas,,58.4,60.25
2025-06-07,Banco Popular,,57.55,60.5
2025-06-07,BHD,,57.7,60.25
2025-06-07,Banco Caribe,,58.25,59.9
2025-06-07,BDI,,58.5,60
2025-06-07,Vimenca,,58.5,60.25
2025-06-07,BLH,,58.2,60.2
2025-06-07,Banesco,,58.4,60.5
2025-06-07,Ademi,,58.5,60.25
2025-06-07,Quezada,,58.9,59.5
2025-06-07,Lafise,,58.15,60.5
2025-06-07,Promerica,,58.25,60.5
2025-06-07,Santa Cruz,,58.5,60.25
2025-06-08,Scotiabank,Dólar (US) Sucursales,57.8,60.5
2025-06-08,Scotiabank,Dólar (US) Canales Digitales*,57.9,60.4
2025-06-08,Banreservas,,58.4,60.25
2025-06-08,Banco Popular,,57.55,60.5
2025-06-08,BHD,,57.7,60.25
2025-06-08,Banco Caribe,,58.25,59.9
2025-06-08,BDI,,58.5,60
2025-06-08,Vimenca,,58.5,60.25
2025-06-08,BLH,,58.2,60.2
2025-06-08,Banesco,,58.4,60.5
2025-06-08,Ademi,,58.5,60.25
2025-06-08,Quezada,,58.9,59.5
2025-06-08,Lafise,,58.15,60.5
2025-06-08,Promerica,,58.25,60.5
2025-06-08,Santa Cruz,,58.5,60.25
2025-06-09,Scotiabank,Dólar (US) Sucursales,57.8,60.5
2025-06-09,Scotiabank,Dólar (US) Canales Digitales*,57.9,60.4
2025-06-09,Banreservas,,58.4,60.25
2025-06-09,Banco Popular,,57.55,60.5
2025-06-09,BHD,,57.7,60.25
2025-06-09,Banco Caribe,,58.25,59.9
2025-06-09,BDI,,58.5,60
2025-06-09,Vimenca,,58.5,60.25
2025-06-09,BLH,,58.2,60.2
2025-06-09,Banesco,,58.4,60.5
2025-06-09,Ademi,,58.5,60.25
2025-06-09,Quezada,,58.9,59.5
2025-06-09,Lafise,,58.15,60.5
2025-06-09,Promerica,,58.25,60.5
2025-06-09,Santa Cruz,,58.5,60.25
2025-06-10,Scotiabank,Dólar (US) Sucursales,57.8,60.5
2025-06-10,Scotiabank,Dólar (US) Canales Digitales*,57.9,60.4
2025-06-10,Banreservas,,58.4,60.25
2025-06-10,Banco Popular,,57.5,60.5
2025-06-10,BHD,,57.6,60.25
2025-06-10,Banco Caribe,,58.25,59.9
2025-06-10,Vimenca,,58.5,60.25
2025-06-10,BLH,,58.2,60.2
2025-06-10,Banesco,,58.4,60.5
2025-06-10,Ademi,,58.5,60.25
2025-06-10,Quezada,,58.9,59.5
2025-06-10,Lafise,,58.15,60.5
2025-06-10,Promerica,,58.25,60.5
2025-06-10,Santa Cruz,,58.5,60.25
2025-06-11,Scotiabank,Dólar (US) Sucursales,57.8,60.5
2025-06-11,Scotiabank,Dólar (US) Canales Digitales*,57.9,60.4
2025-06-11,Banreservas,,58.4,60.25
2025-06-11,BLH,,58.2,60.2
2025-06-11,Ademi,,58.5,60.25
2025-06-11,Quezada,,58.9,59.5
2025-06-12,Scotiabank,Dólar (US) Sucursales,57.7,60.5
2025-06-12,Scotiabank,Dólar (US) Canales Digitales*,57.8,60.4
2025-06-12,Banreservas,,58.4,60.25
2025-06-12,Banco Popular,,57.5,60.5
2025-06-12,BHD,,57.6,60.25
2025-06-12,Banco Caribe,,58.4,60.25
2025-06-12,BDI,,58.5,60
2025-06-12,Vimenca,,58.5,60.25
2025-06-12,BLH,,58.2,60.2
2025-06-12,Banesco,,58.4,60.5
2025-06-12,Ademi,,58.5,60.25
2025-06-12,Quezada,,58.9,59.5
2025-06-12,Lafise,,58.15,60.5
2025-06-12,Promerica,,58.25,60.5
2025-06-12,Santa Cruz,,58.5,60.25
2025-06-13,Scotiabank,Dólar (US) Sucursales,57.7,60.5
2025-06-13,Scotiabank,Dólar (US) Canales Digitales*,57.8,60.4
2025-06-13,Banreservas,,58.4,60.25
2025-06-13,Banco Popular,,57.5,60.5
2025-06-13,BHD,,57.6,60.25
2025-06-13,Banco Caribe,,58.4,60.25
2025-06-13,BDI,,58.6,60.1
2025-06-13,Vimenca,,58.5,60.25
2025-06-13,BLH,,58.2,60.2
2025-06-13,Banesco,,58.4,60.5
2025-06-13,Ademi,,58.5,60.25
2025-06-13,Quezada,,59,59.5
2025-06-13,Lafise,,58.15,60.5
2025-06-13,Promerica,,58.25,60.5
2025-06-13,Santa Cruz,,58.5,60.25
2025-06-14,Scotiabank,Dólar (US) Sucursales,57.7,60.5
2025-06-14,Scotiabank,Dólar (US) Canales Digitales*,57.8,60.4
2025-06-14,Banreservas,,58.4,60.25
2025-06-14,Banco Popular,,57.5,60.5
2025-06-14,BHD,,57.6,60.25
2025-06-14,Banco Caribe,,58.4,60.25
2025-06-14,BDI,,58.6,60.1
2025-06-14,Vimenca,,58.5,60.25
2025-06-14,BLH,,58.2,60.2
2025-06-14,Banesco,,58.4,60.5
2025-06-14,Ademi,,58.5,60.25
2025-06-14,Quezada,,59,59.6
2025-06-14,Lafise,,58.15,60.5
2025-06-14,Promerica,,58.25,60.5
2025-06-14,Santa Cruz,,58.75,60.25
2025-06-15,Scotiabank,Dólar (US) Sucursales,57.7,60.5
2025-06-15,Scotiabank,Dólar (US) Canales Digitales*,57.8,60.4
2025-06-15,Banreservas,,58.4,60.25
2025-06-15,Banco Popular,,57.5,60.5
2025-06-15,BHD,,57.6,60.25
2025-06-15,Banco Caribe,,58.4,60.25
2025-06-15,BDI,,58.6,60.1
2025-06-15,Vimenca,,58.5,60.25
2025-06-15,BLH,,58.2,60.2
2025-06-15,Banesco,,58.4,60.5
2025-06-15,Ademi,,58.5,60.25
2025-06-15,Quezada,,59,59.6
2025-06-15,Lafise,,58.15,60.5
2025-06-15,Promerica,,58.25,60.5
2025-06-15,Santa Cruz,,58.75,60.25
2025-06-16,Scotiabank,Dólar (US) Sucursales,57.7,60.5
2025-06-16,Scotiabank,Dólar (US) Canales Digitales*,57.8,60.4
2025-06-16,Banreservas,,58.4,60.25
2025-06-16,Banco Popular,,57.5,60.5
2025-06-16,BHD,,57.6,60.25
2025-06-16,Banco Caribe,,58.4,60.25
2025-06-16,Vimenca,,58.5,60.25
2025-06-16,BLH,,58.2,60.2
2025-06-16,Banesco,,58.4,60.5
2025-06-16,Ademi,,58.5,60.25
2025-06-16,Quezada,,59,59.6
2025-06-16,Lafise,,58.15,60.5
2025-06-16,Promerica,,58.25,60.5
2025-06-16,Santa Cruz,,58.75,60.25
2025-06-17,Scotiabank,Dólar (US) Sucursales,57.7,60.5
2025-06-17,Scotiabank,Dólar (US) Canales Digitales*,57.8,60.4
2025-06-17,Banreservas,,58.4,60.25
2025-06-17,Banco Popular,,57.5,60.5
2025-06-17,BHD,,57.6,60.25
2025-06-17,Banco Caribe,,58.4,60.25
2025-06-17,BDI,,58.6,60.1
2025-06-17,Vimenca,,58.5,60.25
2025-06-17,BLH,,58.2,60.2
2025-06-17,Banesco,,58.4,60.5
2025-06-17,Ademi,,58.5,60.25
2025-06-17,Quezada,,59,59.6
2025-06-17,Lafise,,58.15,60.5
2025-06-17,Promerica,,58.25,60.5
2025-06-17,Santa Cruz,,58.75,60.25
2025-06-18,Scotiabank,Dólar (US) Sucursales,57.7,60.5
2025-06-18,Scotiabank,Dólar (US) Canales Digitales*,57.8,60.4
2025-06-18,Banreservas,,58.4,60.25
2025-06-18,Banco Popular,,57.5,60.5
2025-06-18,BHD,,57.6,60.25
2025-06-18,Banco Caribe,,58.4,60.25
2025-06-18,BDI,,58.7,60.2
2025-06-18,Vimenca,,58.5,60.25
2025-06-18,BLH,,58.2,60.2
2025-06-18,Banesco,,58.4,60.5
2025-06-18,Ademi,,58.5,60.25
2025-06-18,Quezada,,59.1,59.75
2025-06-19,Scotiabank,Dólar (US) Sucursales,57.7,60.5
2025-06-19,Scotiabank,Dólar (US) Canales Digitales*,57.8,60.4
2025-06-19,Banreservas,,58.4,60.25
2025-06-19,BLH,,58.2,60.4
2025-06-19,Ademi,,58.5,60.25
2025-06-19,Quezada,,59.2,59.75
2025-06-20,Scotiabank,Dólar (US) Sucursales,57.7,60.5
2025-06-20,Scotiabank,Dólar (US) Canales Digitales*,57.8,60.4
2025-06-20,Banreservas,,58.4,60.25
2025-06-20,Banco Popular,,57.5,60.5
2025-06-20,BHD,,57.75,60.5
2025-06-20,Banco Caribe,,58.4,60.25
2025-06-20,BDI,,58.7,60.2
2025-06-20,Vimenca,,58.75,60.5
2025-06-20,BLH,,58.2,60.4
2025-06-20,Banesco,,58.4,60.5
2025-06-20,Ademi,,58.5,60.25
2025-06-20,Quezada,,59.2,59.75
2025-06-20,Lafise,,58.15,60.5
2025-06-20,Promerica,,58.25,60.5
2025-06-20,Santa Cruz,,59,60.5
2025-06-21,Scotiabank,Dólar (US) Sucursales,57.7,60.5
2025-06-21,Scotiabank,Dólar (US) Canales Digitales*,57.8,60.4
2025-06-21,Banreservas,,58.4,60.25
2025-06-21,Banco Popular,,57.5,60.5
2025-06-21,BHD,,57.75,60.5
2025-06-21,Banco Caribe,,58.4,60.25
2025-06-21,BDI,,58.8,60.3
2025-06-21,Vimenca,,0,0
2025-06-21,BLH,,58.2,60.4
2025-06-21,Banesco,,58.4,60.5
2025-06-21,Ademi,,58.65,60.5
2025-06-21,Quezada,,59.2,59.949999999999996
2025-06-21,Lafise,,58.15,60.5
2025-06-21,Promerica,,58.25,60.5
2025-06-21,Santa Cruz,,59,60.5
2025-06-22,Scotiabank,Dólar (US) Sucursales,57.7,60.5
2025-06-22,Scotiabank,Dólar (US) Canales Digitales*,57.8,60.4
2025-06-22,Banreservas,,58.4,60.25
2025-06-22,Banco Popular,,57.5,60.5
2025-06-22,BHD,,57.75,60.5
2025-06-22,Banco Caribe,,58.4,60.25
2025-06-22,Vimenca,,0,0
2025-06-22,BLH,,58.2,60.4
2025-06-22,Banesco,,58.4,60.5
2025-06-22,Ademi,,58.65,60.5
2025-06-22,Quezada,,59.2,59.949999999999996
2025-06-22,Lafise,,58.15,60.5
2025-06-22,Promerica,,58.25,60.5
2025-06-22,Santa Cruz,,59,60.5
2025-06-23,Scotiabank,Dólar (US) Sucursales,57.7,60.5
2025-06-23,Scotiabank,Dólar (US) Canales Digitales*,57.8,60.4
2025-06-23,Banreservas,,58.4,60.25
2025-06-23,Banco Popular,,57.5,60.5
2025-06-23,BHD,,57.75,60.5
2025-06-23,Banco Caribe,,58.4,60.25
2025-06-23,BDI,,58.8,60.3
2025-06-23,Vimenca,,0,0
2025-06-23,BLH,,58.2,60.4
2025-06-23,Banesco,,58.4,60.5
2025-06-23,Ademi,,58.65,60.5
2025-06-23,Quezada,,59.2,59.949999999999996
2025-06-23,Lafise,,58.15,60.5
2025-06-23,Promerica,,58.25,60.5
2025-06-23,Santa Cruz,,59,60.5
2025-06-24,Scotiabank,Dólar (US) Sucursales,57.7,60.5
2025-06-24,Scotiabank,Dólar (US) Canales Digitales*,57.8,60.4
2025-06-24,Banreservas,,58.4,60.25
2025-06-24,Banco Popular,,57.5,60.5
2025-06-24,BHD,,57.75,60.5
2025-06-24,Banco Caribe,,58.4,60.25
2025-06-24,BDI,,58.8,60.3
2025-06-24,Vimenca,,0,0
2025-06-24,BLH,,58.2,60.4
2025-06-24,Banesco,,58.4,60.5
2025-06-24,Ademi,,58.65,60.5
2025-06-24,Quezada,,59.3,59.949999999999996
2025-06-24,Lafise,,58.15,60.5
2025-06-24,Promerica,,58.25,60.5
2025-06-24,Santa Cruz,,59,60.5
2025-06-25,Scotiabank,Dólar (US) Sucursales,57.7,60.5
2025-06-25,Scotiabank,Dólar (US) Canales Digitales*,57.8,60.4
2025-06-25,Banreservas,,58.4,60.25
2025-06-25,BLH,,58.2,60.5
2025-06-25,Ademi,,58.65,60.5
2025-06-25,Quezada,,59.4,60.05
2025-06-26,Scotiabank,Dólar (US) Sucursales,57.7,60.5
2025-06-26,Scotiabank,Dólar (US) Canales Digitales*,57.8,60.4
2025-06-26,Banreservas,,58.4,60.25
2025-06-26,Banco Popular,,57.5,60.5
2025-06-26,BHD,,57.75,60.5
2025-06-26,Banco Caribe,,58.5,60.4
2025-06-26,BDI,,58.8,60.3
2025-06-26,Vimenca,,58.75,60.5
2025-06-26,BLH,,58.2,60.5
2025-06-26,Banesco,,58.4,60.5
2025-06-26,Ademi,,58.65,60.5
2025-06-26,Quezada,,59.4,60.25
2025-06-26,Lafise,,58.45,60.5
2025-06-26,Promerica,,58.25,60.5
2025-06-26,Santa Cruz,,59,60.5
2025-06-27,Scotiabank,Dólar (US) Sucursales,57.8,60.6
2025-06-27,Scotiabank,Dólar (US) Canales Digitales*,57.9,60.5
2025-06-27,Banreservas,,58.4,60.25
2025-06-27,BLH,,58.2,60.5
2025-06-27,Ademi,,58.65,60.5
2025-06-27,Quezada,,59.6,60.349999999999994
2025-06-28,Scotiabank,Dólar (US) Sucursales,57.8,60.6
2025-06-28,Scotiabank,Dólar (US) Canales Digitales*,57.9,60.5
2025-06-28,Banreservas,,58.4,60.25
2025-06-28,Banco Popular,,57.5,60.5
2025-06-28,BHD,,57.75,60.5
2025-06-28,Banco Caribe,,58.5,60.4
2025-06-28,BDI,,58.9,60.5
2025-06-28,Vimenca,,59,60.5
2025-06-28,BLH,,58.2,60.5
2025-06-28,Banesco,,58.4,60.5
2025-06-28,Ademi,,58.65,60.5
2025-06-28,Quezada,,59.7,60.4
2025-06-28,Lafise,,58.45,60.5
2025-06-28,Promerica,,58.25,60.5
2025-06-28,Santa Cruz,,59.25,60.5
2025-06-29,Scotiabank,Dólar (US) Sucursales,57.8,60.6
2025-06-29,Scotiabank,Dólar (US) Canales Digitales*,57.9,60.5
2025-06-29,Banreservas,,58.4,60.25
2025-06-29,Banco Popular,,57.5,60.5
2025-06-29,BHD,,57.75,60.5
2025-06-29,Banco Caribe,,58.5,60.4
2025-06-29,BDI,,58.9,60.5
2025-06-29,Vimenca,,59,60.5
2025-06-29,BLH,,58.2,60.5
2025-06-29,Banesco,,58.4,60.5
2025-06-29,Ademi,,58.65,60.5
2025-06-29,Quezada,,59.7,60.4
2025-06-29,Lafise,,58.45,60.5
2025-06-29,Promerica,,58.25,60.5
2025-06-29,Santa Cruz,,59.25,60.5
2025-06-30,Scotiabank,Dólar (US) Sucursales,57.8,60.6
2025-06-30,Scotiabank,Dólar (US) Canales Digitales*,57.9,60.5
2025-06-30,Banreservas,,58.4,60.25
2025-06-30,Banco Popular,,57.5,60.5
2025-06-30,BHD,,57.75,60.5
2025-06-30,Banco Caribe,,58.5,60.4
2025-06-30,BDI,,58.9,60.5
2025-06-30,Vimenca,,59,60.5
2025-06-30,BLH,,58.2,60.5
2025-06-30,Banesco,,58.4,60.5
2025-06-30,Ademi,,58.65,60.5
2025-06-30,Quezada,,59.7,60.4
2025-06-30,Lafise,,58.45,60.5
2025-06-30,Promerica,,58.25,60.5
2025-06-30,Santa Cruz,,59.25,60.5
2025-07-01,Scotiabank,Dólar (US) Sucursales,57.8,60.6
2025-07-01,Scotiabank,Dólar (US) Canales Digitales*,57.9,60.5
2025-07-01,Banreservas,,58.65,60.5
2025-07-01,BLH,,58.4,60.5
2025-07-01,Ademi,,58.65,60.5
2025-07-01,Quezada,,59.8,60.4
2025-07-02,Scotiabank,Dólar (US) Sucursales,57.8,60.6
2025-07-02,Scotiabank,Dólar (US) Canales Digitales*,57.9,60.5
2025-07-02,Banreservas,,58.65,60.5
2025-07-02,Banco Popular,,57.55,60.55
2025-07-02,BHD,,57.75,60.55
2025-07-02,Banco Caribe,,59.25,60.5
2025-07-02,BDI,,59,60.5
2025-07-02,Vimenca,,59,60.55
2025-07-02,BLH,,58.4,60.5
2025-07-02,Banesco,,58.4,60.55
2025-07-02,Ademi,,58.65,60.5
2025-07-02,Quezada,,59.8,60.4
2025-07-02,Lafise,,58.45,60.5
2025-07-02,Promerica,,58.3,60.55
2025-07-02,Santa Cruz,,59.25,60.5
2025-07-03,Scotiabank,Dólar (US) Sucursales,57.85,60.65
2025-07-03,Scotiabank,Dólar (US) Canales Digitales*,57.95,60.55
2025-07-03,Banreservas,,58.65,60.5
2025-07-03,BLH,,58.4,60.5
2025-07-03,Ademi,,58.65,60.5
2025-07-03,Quezada,,59.8,60.4
2025-07-04,Scotiabank,Dólar (US) Sucursales,57.9,60.7
2025-07-04,Scotiabank,Dólar (US) Canales Digitales*,58,60.6
2025-07-04,Banreservas,,58.65,60.5
2025-07-04,Banco Popular,,57.6,60.6
2025-07-04,BHD,,57.8,60.6
2025-07-04,Banco Caribe,,59.5,60.55
2025-07-04,BDI,,59.1,60.6
2025-07-04,Vimenca,,59.25,60.6
2025-07-04,BLH,,58.6,60.6
2025-07-04,Banesco,,58.4,60.6
2025-07-04,Ademi,,58.65,60.5
2025-07-04,Quezada,,59.9,60.5
2025-07-04,Lafise,,58.6,60.6
2025-07-04,Promerica,,58.349999999999994,60.6
2025-07-04,Santa Cruz,,59.5,60.6
2025-07-05,Scotiabank,Dólar (US) Sucursales,57.9,60.7
2025-07-05,Scotiabank,Dólar (US) Canales Digitales*,58,60.6
2025-07-05,Banreservas,,58.65,60.5
2025-07-05,Banco Popular,,57.65,60.65
2025-07-05,BHD,,57.849999999999994,60.65
2025-07-05,Banco Caribe,,59.5,60.55
2025-07-05,BDI,,59.25,60.65
2025-07-05,Vimenca,,59.25,60.65
2025-07-05,BLH,,58.6,60.6
2025-07-05,Banesco,,58.4,60.65
2025-07-05,Ademi,,59.3,60.65
2025-07-05,Quezada,,59.9,60.5
2025-07-05,Lafise,,58.65,60.65
2025-07-05,Promerica,,58.4,60.65
2025-07-05,Santa Cruz,,59.5,60.6
2025-07-06,Scotiabank,Dólar (US) Sucursales,57.9,60.7
2025-07-06,Scotiabank,Dólar (US) Canales Digitales*,58,60.6
2025-07-06,Banreservas,,58.65,60.5
2025-07-06,Banco Popular,,57.65,60.65
2025-07-06,BHD,,57.849999999999994,60.65
2025-07-06,Banco Caribe,,59.5,60.55
2025-07-06,BDI,,59.25,60.65
2025-07-06,Vimenca,,59.25,60.65
2025-07-06,BLH,,58.6,60.6
2025-07-06,Banesco,,58.4,60.65
2025-07-06,Ademi,,59.3,60.65
2025-07-06,Quezada,,59.9,60.5
2025-07-06,Lafise,,58.65,60.65
2025-07-06,Promerica,,58.4,60.65
2025-07-06,Santa Cruz,,59.5,60.6
2025-07-07,Scotiabank,Dólar (US) Sucursales,57.9,60.7
2025-07-07,Scotiabank,Dólar (US) Canales Digitales*,58,60.6
2025-07-07,Banreservas,,58.65,60.5
2025-07-07,Ademi,,59.3,60.65
2025-07-07,Quezada,,59.9,60.5
2025-07-08,Scotiabank,Dólar (US) Sucursales,57.95,60.75
2025-07-08,Scotiabank,Dólar (US) Canales Digitales*,58.05,60.65
2025-07-08,Banreservas,,58.75,60.6
2025-07-08,BLH,,58.65,60.65
2025-07-08,Ademi,,59.3,60.65
2025-07-08,Quezada,,60,60.6
2025-07-09,Scotiabank,Dólar (US) Sucursales,58,60.8
2025-07-09,Scotiabank,Dólar (US) Canales Digitales*,58.1,60.7
2025-07-09,Banreservas,,58.75,60.6
2025-07-09,Banco Popular,,57.7,60.7
2025-07-09,BHD,,57.9,60.7
2025-07-09,Banco Caribe,,59.65,60.65
2025-07-09,BDI,,59.5,60.7
2025-07-09,Vimenca,,59.5,60.7
2025-07-09,BLH,,58.8,60.7
2025-07-09,Banesco,,58.4,60.7
2025-07-09,Ademi,,59.349999999999994,60.7
2025-07-09,Quezada,,60,60.7
2025-07-09,Lafise,,58.7,60.7
2025-07-10,Scotiabank,Dólar (US) Sucursales,58,60.8
2025-07-10,Scotiabank,Dólar (US) Canales Digitales*,58.1,60.7
2025-07-10,Banreservas,,58.75,60.6
2025-07-10,Banco Popular,,57.75,60.75
2025-07-10,BHD,,57.949999999999996,60.75
2025-07-10,Banco Caribe,,59.65,60.65
2025-07-10,BDI,,59.5,60.7
2025-07-10,Vimenca,,59.75,60.75
2025-07-10,BLH,,58.8,60.7
2025-07-10,Banesco,,58.4,60.75
2025-07-10,Ademi,,59.5,60.75
2025-07-10,Quezada,,60.1,60.8
2025-07-10,Lafise,,58.75,60.75
2025-07-10,Promerica,,58.5,60.75
2025-07-10,Santa Cruz,,59.6,60.75
2025-07-11,Scotiabank,Dólar (US) Sucursales,58.05,60.85
2025-07-11,Scotiabank,Dólar (US) Canales Digitales*,58.15,60.75
2025-07-11,Banreservas,,58.849999999999994,60.7
2025-07-11,Banco Popular,,57.75,60.75
2025-07-11,BHD,,57.949999999999996,60.75
2025-07-11,Banco Caribe,,59.65,60.7
2025-07-11,BDI,,59.8,60.75
2025-07-11,Vimenca,,59.75,60.75
2025-07-11,BLH,,59,60.75
2025-07-11,Banesco,,58.4,60.75
2025-07-11,Ademi,,59.5,60.75
2025-07-11,Quezada,,60.1,60.949999999999996
2025-07-11,Lafise,,58.75,60.75
2025-07-11,Promerica,,58.5,60.75
2025-07-11,Santa Cruz,,59.6,60.75
2025-07-12,Scotiabank,Dólar (US) Sucursales,58.05,60.85
2025-07-12,Scotiabank,Dólar (US) Canales Digitales*,58.15,60.75
2025-07-12,Banreservas,,58.849999999999994,60.7
2025-07-12,Banco Popular,,57.8,60.75
2025-07-12,BHD,,57.949999999999996,60.75
2025-07-12,Banco Caribe,,59.65,60.7
2025-07-12,BDI,,59.8,60.75
2025-07-12,Vimenca,,59.75,60.75
2025-07-12,BLH,,59.3,60.75
2025-07-12,Banesco,,58.4,60.75
2025-07-12,Ademi,,59.5,60.75
2025-07-12,Quezada,,60.2,60.949999999999996
2025-07-12,Lafise,,58.75,60.75
2025-07-12,Promerica,,58.5,60.75
2025-07-12,Santa Cruz,,59.75,60.75
2025-07-13,Scotiabank,Dólar (US) Sucursales,58.05,60.85
2025-07-13,Scotiabank,Dólar (US) Canales Digitales*,58.15,60.75
2025-07-13,Banreservas,,58.849999999999994,60.7
2025-07-13,Banco Popular,,57.8,60.75
2025-07-13,BHD,,57.949999999999996,60.75
2025-07-13,Banco Caribe,,59.65,60.7
2025-07-13,BDI,,59.8,60.75
2025-07-13,Vimenca,,59.75,60.75
2025-07-13,BLH,,59.3,60.75
2025-07-13,Banesco,,58.4,60.75
2025-07-13,Ademi,,59.5,60.75
2025-07-13,Quezada,,60.2,60.949999999999996
2025-07-13,Lafise,,58.75,60.75
2025-07-13,Promerica,,58.5,60.75
2025-07-13,Santa Cruz,,59.75,60.75
2025-07-14,Scotiabank,Dólar (US) Sucursales,58.05,60.85
2025-07-14,Scotiabank,Dólar (US) Canales Digitales*,58.15,60.75
2025-07-14,Banreservas,,58.849999999999994,60.7
2025-07-14,BLH,,59.3,60.75
2025-07-14,Ademi,,59.5,60.75
2025-07-14,Quezada,,60.2,60.949999999999996
2025-07-15,Scotiabank,Dólar (US) Sucursales,58.05,60.85
2025-07-15,Scotiabank,Dólar (US) Canales Digitales*,58.15,60.75
2025-07-15,Banreservas,,58.849999999999994,60.7
2025-07-15,BLH,,59.3,60.75
2025-07-15,Ademi,,59.5,60.75
2025-07-15,Quezada,,60.2,60.949999999999996
2025-07-16,Scotiabank,Dólar (US) Sucursales,58.05,60.85
2025-07-16,Scotiabank,Dólar (US) Canales Digitales*,58.15,60.75
2025-07-16,Banreservas,,58.849999999999994,60.7
2025-07-16,Banco Popular,,57.8,60.75
2025-07-16,BHD,,57.949999999999996,60.75
2025-07-16,Banco Caribe,,59.65,60.7
2025-07-16,BDI,,59.8,60.75
2025-07-16,Vimenca,,59.75,60.75
2025-07-16,BLH,,59.3,60.75
2025-07-16,Banesco,,58.4,60.75
2025-07-16,Ademi,,59.5,60.75
2025-07-16,Quezada,,60.2,61.1
2025-07-16,Lafise,,58.75,60.75
